"Date","sulfate","nitrate","ID"
"2001-01-01",NA,NA,296
"2001-01-02",NA,NA,296
"2001-01-03",NA,NA,296
"2001-01-04",NA,NA,296
"2001-01-05",NA,NA,296
"2001-01-06",NA,NA,296
"2001-01-07",NA,NA,296
"2001-01-08",NA,NA,296
"2001-01-09",NA,NA,296
"2001-01-10",NA,NA,296
"2001-01-11",NA,NA,296
"2001-01-12",NA,NA,296
"2001-01-13",NA,NA,296
"2001-01-14",NA,NA,296
"2001-01-15",NA,NA,296
"2001-01-16",NA,NA,296
"2001-01-17",NA,NA,296
"2001-01-18",NA,NA,296
"2001-01-19",NA,NA,296
"2001-01-20",NA,NA,296
"2001-01-21",NA,NA,296
"2001-01-22",NA,NA,296
"2001-01-23",NA,NA,296
"2001-01-24",NA,NA,296
"2001-01-25",NA,NA,296
"2001-01-26",NA,NA,296
"2001-01-27",NA,NA,296
"2001-01-28",NA,NA,296
"2001-01-29",NA,NA,296
"2001-01-30",NA,NA,296
"2001-01-31",1.66,0.305,296
"2001-02-01",NA,NA,296
"2001-02-02",NA,NA,296
"2001-02-03",NA,NA,296
"2001-02-04",NA,NA,296
"2001-02-05",NA,NA,296
"2001-02-06",3.17,0.4,296
"2001-02-07",NA,NA,296
"2001-02-08",NA,NA,296
"2001-02-09",NA,NA,296
"2001-02-10",NA,NA,296
"2001-02-11",NA,NA,296
"2001-02-12",5.26,2.62,296
"2001-02-13",NA,NA,296
"2001-02-14",NA,NA,296
"2001-02-15",NA,NA,296
"2001-02-16",NA,NA,296
"2001-02-17",NA,NA,296
"2001-02-18",5.97,2.29,296
"2001-02-19",NA,NA,296
"2001-02-20",NA,NA,296
"2001-02-21",NA,NA,296
"2001-02-22",NA,NA,296
"2001-02-23",NA,NA,296
"2001-02-24",6.04,0.332,296
"2001-02-25",NA,NA,296
"2001-02-26",NA,NA,296
"2001-02-27",NA,NA,296
"2001-02-28",NA,NA,296
"2001-03-01",NA,NA,296
"2001-03-02",NA,NA,296
"2001-03-03",NA,NA,296
"2001-03-04",NA,NA,296
"2001-03-05",NA,NA,296
"2001-03-06",NA,NA,296
"2001-03-07",NA,NA,296
"2001-03-08",NA,NA,296
"2001-03-09",NA,NA,296
"2001-03-10",NA,NA,296
"2001-03-11",NA,NA,296
"2001-03-12",NA,NA,296
"2001-03-13",NA,NA,296
"2001-03-14",3.09,1.17,296
"2001-03-15",NA,NA,296
"2001-03-16",NA,NA,296
"2001-03-17",NA,NA,296
"2001-03-18",NA,NA,296
"2001-03-19",NA,NA,296
"2001-03-20",3.02,0.958,296
"2001-03-21",NA,NA,296
"2001-03-22",NA,NA,296
"2001-03-23",NA,NA,296
"2001-03-24",NA,NA,296
"2001-03-25",NA,NA,296
"2001-03-26",NA,NA,296
"2001-03-27",5.45,1.25,296
"2001-03-28",NA,NA,296
"2001-03-29",NA,NA,296
"2001-03-30",NA,NA,296
"2001-03-31",NA,NA,296
"2001-04-01",NA,NA,296
"2001-04-02",7.48,0.552,296
"2001-04-03",NA,NA,296
"2001-04-04",NA,NA,296
"2001-04-05",NA,NA,296
"2001-04-06",NA,NA,296
"2001-04-07",NA,NA,296
"2001-04-08",NA,NA,296
"2001-04-09",NA,NA,296
"2001-04-10",NA,NA,296
"2001-04-11",NA,NA,296
"2001-04-12",NA,NA,296
"2001-04-13",NA,NA,296
"2001-04-14",NA,NA,296
"2001-04-15",NA,NA,296
"2001-04-16",NA,NA,296
"2001-04-17",NA,NA,296
"2001-04-18",NA,NA,296
"2001-04-19",4.1,0.615,296
"2001-04-20",NA,NA,296
"2001-04-21",NA,NA,296
"2001-04-22",NA,NA,296
"2001-04-23",NA,NA,296
"2001-04-24",NA,NA,296
"2001-04-25",2.37,0.837,296
"2001-04-26",NA,NA,296
"2001-04-27",NA,NA,296
"2001-04-28",NA,NA,296
"2001-04-29",NA,NA,296
"2001-04-30",NA,NA,296
"2001-05-01",2.47,0.634,296
"2001-05-02",NA,NA,296
"2001-05-03",NA,NA,296
"2001-05-04",NA,NA,296
"2001-05-05",NA,NA,296
"2001-05-06",NA,NA,296
"2001-05-07",NA,NA,296
"2001-05-08",NA,NA,296
"2001-05-09",NA,NA,296
"2001-05-10",NA,NA,296
"2001-05-11",NA,NA,296
"2001-05-12",NA,NA,296
"2001-05-13",2.68,0.44,296
"2001-05-14",NA,NA,296
"2001-05-15",NA,NA,296
"2001-05-16",NA,NA,296
"2001-05-17",NA,NA,296
"2001-05-18",NA,NA,296
"2001-05-19",6.19,0.387,296
"2001-05-20",NA,NA,296
"2001-05-21",NA,NA,296
"2001-05-22",NA,NA,296
"2001-05-23",NA,NA,296
"2001-05-24",NA,NA,296
"2001-05-25",NA,NA,296
"2001-05-26",NA,NA,296
"2001-05-27",NA,NA,296
"2001-05-28",NA,NA,296
"2001-05-29",NA,NA,296
"2001-05-30",NA,NA,296
"2001-05-31",NA,NA,296
"2001-06-01",NA,NA,296
"2001-06-02",NA,NA,296
"2001-06-03",NA,NA,296
"2001-06-04",NA,NA,296
"2001-06-05",NA,NA,296
"2001-06-06",2.27,NA,296
"2001-06-07",NA,NA,296
"2001-06-08",NA,NA,296
"2001-06-09",NA,NA,296
"2001-06-10",NA,NA,296
"2001-06-11",NA,NA,296
"2001-06-12",5.79,NA,296
"2001-06-13",NA,NA,296
"2001-06-14",NA,NA,296
"2001-06-15",NA,NA,296
"2001-06-16",NA,NA,296
"2001-06-17",NA,NA,296
"2001-06-18",4.66,NA,296
"2001-06-19",NA,NA,296
"2001-06-20",NA,NA,296
"2001-06-21",NA,NA,296
"2001-06-22",NA,NA,296
"2001-06-23",NA,NA,296
"2001-06-24",NA,NA,296
"2001-06-25",NA,NA,296
"2001-06-26",NA,NA,296
"2001-06-27",NA,NA,296
"2001-06-28",NA,NA,296
"2001-06-29",NA,NA,296
"2001-06-30",1.44,NA,296
"2001-07-01",NA,NA,296
"2001-07-02",NA,NA,296
"2001-07-03",NA,NA,296
"2001-07-04",NA,NA,296
"2001-07-05",NA,NA,296
"2001-07-06",1.95,NA,296
"2001-07-07",NA,NA,296
"2001-07-08",NA,NA,296
"2001-07-09",NA,NA,296
"2001-07-10",NA,NA,296
"2001-07-11",NA,NA,296
"2001-07-12",2.67,NA,296
"2001-07-13",NA,NA,296
"2001-07-14",NA,NA,296
"2001-07-15",NA,NA,296
"2001-07-16",NA,NA,296
"2001-07-17",NA,NA,296
"2001-07-18",2.63,NA,296
"2001-07-19",NA,NA,296
"2001-07-20",NA,NA,296
"2001-07-21",NA,NA,296
"2001-07-22",NA,NA,296
"2001-07-23",NA,NA,296
"2001-07-24",3.5,NA,296
"2001-07-25",NA,NA,296
"2001-07-26",NA,NA,296
"2001-07-27",NA,NA,296
"2001-07-28",NA,NA,296
"2001-07-29",NA,NA,296
"2001-07-30",2.1,NA,296
"2001-07-31",NA,NA,296
"2001-08-01",NA,NA,296
"2001-08-02",NA,NA,296
"2001-08-03",NA,NA,296
"2001-08-04",NA,NA,296
"2001-08-05",6.84,NA,296
"2001-08-06",NA,NA,296
"2001-08-07",NA,NA,296
"2001-08-08",NA,NA,296
"2001-08-09",NA,NA,296
"2001-08-10",NA,NA,296
"2001-08-11",NA,NA,296
"2001-08-12",NA,NA,296
"2001-08-13",NA,NA,296
"2001-08-14",NA,NA,296
"2001-08-15",NA,NA,296
"2001-08-16",NA,NA,296
"2001-08-17",2.7,NA,296
"2001-08-18",NA,NA,296
"2001-08-19",NA,NA,296
"2001-08-20",NA,NA,296
"2001-08-21",NA,NA,296
"2001-08-22",NA,NA,296
"2001-08-23",2.57,NA,296
"2001-08-24",NA,NA,296
"2001-08-25",NA,NA,296
"2001-08-26",NA,NA,296
"2001-08-27",NA,NA,296
"2001-08-28",NA,NA,296
"2001-08-29",1.43,NA,296
"2001-08-30",NA,NA,296
"2001-08-31",NA,NA,296
"2001-09-01",NA,NA,296
"2001-09-02",NA,NA,296
"2001-09-03",NA,NA,296
"2001-09-04",1.83,NA,296
"2001-09-05",NA,NA,296
"2001-09-06",NA,NA,296
"2001-09-07",NA,NA,296
"2001-09-08",NA,NA,296
"2001-09-09",NA,NA,296
"2001-09-10",2.72,NA,296
"2001-09-11",NA,NA,296
"2001-09-12",NA,NA,296
"2001-09-13",NA,NA,296
"2001-09-14",NA,NA,296
"2001-09-15",NA,NA,296
"2001-09-16",NA,NA,296
"2001-09-17",NA,NA,296
"2001-09-18",NA,NA,296
"2001-09-19",NA,NA,296
"2001-09-20",NA,NA,296
"2001-09-21",NA,NA,296
"2001-09-22",1.53,NA,296
"2001-09-23",2.23,NA,296
"2001-09-24",NA,NA,296
"2001-09-25",NA,NA,296
"2001-09-26",NA,NA,296
"2001-09-27",NA,NA,296
"2001-09-28",3.55,NA,296
"2001-09-29",NA,NA,296
"2001-09-30",NA,NA,296
"2001-10-01",NA,NA,296
"2001-10-02",NA,NA,296
"2001-10-03",NA,NA,296
"2001-10-04",3.9,NA,296
"2001-10-05",NA,NA,296
"2001-10-06",NA,NA,296
"2001-10-07",NA,NA,296
"2001-10-08",NA,NA,296
"2001-10-09",NA,NA,296
"2001-10-10",2.47,NA,296
"2001-10-11",2.22,NA,296
"2001-10-12",NA,NA,296
"2001-10-13",NA,NA,296
"2001-10-14",NA,NA,296
"2001-10-15",NA,NA,296
"2001-10-16",1.17,NA,296
"2001-10-17",NA,NA,296
"2001-10-18",NA,NA,296
"2001-10-19",NA,NA,296
"2001-10-20",NA,NA,296
"2001-10-21",NA,NA,296
"2001-10-22",2.51,NA,296
"2001-10-23",NA,NA,296
"2001-10-24",NA,NA,296
"2001-10-25",NA,NA,296
"2001-10-26",NA,NA,296
"2001-10-27",NA,NA,296
"2001-10-28",1.66,NA,296
"2001-10-29",NA,NA,296
"2001-10-30",NA,NA,296
"2001-10-31",NA,NA,296
"2001-11-01",NA,NA,296
"2001-11-02",NA,NA,296
"2001-11-03",3.72,NA,296
"2001-11-04",NA,NA,296
"2001-11-05",NA,NA,296
"2001-11-06",NA,NA,296
"2001-11-07",NA,NA,296
"2001-11-08",NA,NA,296
"2001-11-09",4.37,NA,296
"2001-11-10",NA,NA,296
"2001-11-11",NA,NA,296
"2001-11-12",NA,NA,296
"2001-11-13",NA,NA,296
"2001-11-14",NA,NA,296
"2001-11-15",NA,NA,296
"2001-11-16",NA,NA,296
"2001-11-17",1.86,NA,296
"2001-11-18",NA,NA,296
"2001-11-19",NA,NA,296
"2001-11-20",NA,NA,296
"2001-11-21",0.967,NA,296
"2001-11-22",NA,NA,296
"2001-11-23",NA,NA,296
"2001-11-24",NA,NA,296
"2001-11-25",NA,NA,296
"2001-11-26",NA,NA,296
"2001-11-27",3.82,NA,296
"2001-11-28",NA,NA,296
"2001-11-29",NA,NA,296
"2001-11-30",NA,NA,296
"2001-12-01",NA,NA,296
"2001-12-02",NA,NA,296
"2001-12-03",2.78,NA,296
"2001-12-04",NA,NA,296
"2001-12-05",NA,NA,296
"2001-12-06",NA,NA,296
"2001-12-07",NA,NA,296
"2001-12-08",NA,NA,296
"2001-12-09",0.362,NA,296
"2001-12-10",NA,NA,296
"2001-12-11",NA,NA,296
"2001-12-12",NA,NA,296
"2001-12-13",NA,NA,296
"2001-12-14",NA,NA,296
"2001-12-15",1.83,NA,296
"2001-12-16",NA,NA,296
"2001-12-17",NA,NA,296
"2001-12-18",NA,NA,296
"2001-12-19",NA,NA,296
"2001-12-20",NA,NA,296
"2001-12-21",2.02,NA,296
"2001-12-22",NA,NA,296
"2001-12-23",NA,NA,296
"2001-12-24",NA,NA,296
"2001-12-25",NA,NA,296
"2001-12-26",NA,NA,296
"2001-12-27",0.856,NA,296
"2001-12-28",NA,NA,296
"2001-12-29",NA,NA,296
"2001-12-30",NA,NA,296
"2001-12-31",NA,NA,296
"2002-01-01",NA,NA,296
"2002-01-02",1.32,NA,296
"2002-01-03",NA,NA,296
"2002-01-04",NA,NA,296
"2002-01-05",NA,NA,296
"2002-01-06",NA,NA,296
"2002-01-07",NA,NA,296
"2002-01-08",NA,NA,296
"2002-01-09",NA,NA,296
"2002-01-10",NA,NA,296
"2002-01-11",NA,NA,296
"2002-01-12",NA,NA,296
"2002-01-13",NA,NA,296
"2002-01-14",1.15,NA,296
"2002-01-15",0.904,NA,296
"2002-01-16",NA,NA,296
"2002-01-17",NA,NA,296
"2002-01-18",NA,NA,296
"2002-01-19",NA,NA,296
"2002-01-20",NA,NA,296
"2002-01-21",NA,NA,296
"2002-01-22",NA,NA,296
"2002-01-23",NA,NA,296
"2002-01-24",NA,NA,296
"2002-01-25",NA,NA,296
"2002-01-26",1.55,NA,296
"2002-01-27",3.12,NA,296
"2002-01-28",NA,NA,296
"2002-01-29",NA,NA,296
"2002-01-30",NA,NA,296
"2002-01-31",NA,NA,296
"2002-02-01",0.881,NA,296
"2002-02-02",1.42,NA,296
"2002-02-03",NA,NA,296
"2002-02-04",NA,NA,296
"2002-02-05",NA,NA,296
"2002-02-06",NA,NA,296
"2002-02-07",2.12,NA,296
"2002-02-08",2.4,NA,296
"2002-02-09",NA,NA,296
"2002-02-10",NA,NA,296
"2002-02-11",NA,NA,296
"2002-02-12",NA,NA,296
"2002-02-13",6.18,NA,296
"2002-02-14",4.36,NA,296
"2002-02-15",NA,NA,296
"2002-02-16",NA,NA,296
"2002-02-17",NA,NA,296
"2002-02-18",NA,NA,296
"2002-02-19",4.23,NA,296
"2002-02-20",1.36,NA,296
"2002-02-21",NA,NA,296
"2002-02-22",NA,NA,296
"2002-02-23",NA,NA,296
"2002-02-24",NA,NA,296
"2002-02-25",2.66,NA,296
"2002-02-26",NA,NA,296
"2002-02-27",NA,NA,296
"2002-02-28",NA,NA,296
"2002-03-01",NA,NA,296
"2002-03-02",NA,NA,296
"2002-03-03",1.28,NA,296
"2002-03-04",NA,NA,296
"2002-03-05",NA,NA,296
"2002-03-06",NA,NA,296
"2002-03-07",NA,NA,296
"2002-03-08",NA,NA,296
"2002-03-09",2.68,NA,296
"2002-03-10",NA,NA,296
"2002-03-11",NA,NA,296
"2002-03-12",NA,NA,296
"2002-03-13",NA,NA,296
"2002-03-14",NA,NA,296
"2002-03-15",8.16,NA,296
"2002-03-16",NA,NA,296
"2002-03-17",NA,NA,296
"2002-03-18",NA,NA,296
"2002-03-19",NA,NA,296
"2002-03-20",NA,NA,296
"2002-03-21",3.19,NA,296
"2002-03-22",NA,NA,296
"2002-03-23",NA,NA,296
"2002-03-24",NA,NA,296
"2002-03-25",NA,NA,296
"2002-03-26",NA,NA,296
"2002-03-27",3.8,NA,296
"2002-03-28",NA,NA,296
"2002-03-29",NA,NA,296
"2002-03-30",NA,NA,296
"2002-03-31",NA,NA,296
"2002-04-01",NA,NA,296
"2002-04-02",3.69,NA,296
"2002-04-03",NA,NA,296
"2002-04-04",NA,NA,296
"2002-04-05",NA,NA,296
"2002-04-06",NA,NA,296
"2002-04-07",NA,NA,296
"2002-04-08",6.97,NA,296
"2002-04-09",NA,NA,296
"2002-04-10",NA,NA,296
"2002-04-11",NA,NA,296
"2002-04-12",NA,NA,296
"2002-04-13",NA,NA,296
"2002-04-14",3.44,NA,296
"2002-04-15",NA,NA,296
"2002-04-16",NA,NA,296
"2002-04-17",NA,NA,296
"2002-04-18",NA,NA,296
"2002-04-19",NA,NA,296
"2002-04-20",NA,NA,296
"2002-04-21",NA,NA,296
"2002-04-22",NA,NA,296
"2002-04-23",NA,NA,296
"2002-04-24",NA,NA,296
"2002-04-25",NA,NA,296
"2002-04-26",NA,NA,296
"2002-04-27",NA,NA,296
"2002-04-28",NA,NA,296
"2002-04-29",NA,NA,296
"2002-04-30",NA,NA,296
"2002-05-01",NA,NA,296
"2002-05-02",NA,NA,296
"2002-05-03",NA,NA,296
"2002-05-04",NA,NA,296
"2002-05-05",NA,NA,296
"2002-05-06",NA,NA,296
"2002-05-07",NA,NA,296
"2002-05-08",4.11,NA,296
"2002-05-09",NA,NA,296
"2002-05-10",NA,NA,296
"2002-05-11",NA,NA,296
"2002-05-12",NA,NA,296
"2002-05-13",NA,NA,296
"2002-05-14",2.43,NA,296
"2002-05-15",NA,NA,296
"2002-05-16",NA,NA,296
"2002-05-17",NA,NA,296
"2002-05-18",NA,NA,296
"2002-05-19",NA,NA,296
"2002-05-20",4.1,NA,296
"2002-05-21",NA,NA,296
"2002-05-22",NA,NA,296
"2002-05-23",NA,NA,296
"2002-05-24",NA,NA,296
"2002-05-25",NA,NA,296
"2002-05-26",NA,NA,296
"2002-05-27",NA,NA,296
"2002-05-28",NA,NA,296
"2002-05-29",NA,NA,296
"2002-05-30",NA,NA,296
"2002-05-31",NA,NA,296
"2002-06-01",2.8,NA,296
"2002-06-02",NA,NA,296
"2002-06-03",NA,NA,296
"2002-06-04",NA,NA,296
"2002-06-05",NA,NA,296
"2002-06-06",NA,NA,296
"2002-06-07",1.81,NA,296
"2002-06-08",NA,NA,296
"2002-06-09",NA,NA,296
"2002-06-10",NA,NA,296
"2002-06-11",NA,NA,296
"2002-06-12",NA,NA,296
"2002-06-13",2.3,NA,296
"2002-06-14",NA,NA,296
"2002-06-15",NA,NA,296
"2002-06-16",NA,NA,296
"2002-06-17",NA,NA,296
"2002-06-18",NA,NA,296
"2002-06-19",3.71,NA,296
"2002-06-20",NA,NA,296
"2002-06-21",NA,NA,296
"2002-06-22",NA,NA,296
"2002-06-23",NA,NA,296
"2002-06-24",NA,NA,296
"2002-06-25",2.5,NA,296
"2002-06-26",NA,NA,296
"2002-06-27",NA,NA,296
"2002-06-28",NA,NA,296
"2002-06-29",NA,NA,296
"2002-06-30",NA,NA,296
"2002-07-01",2.96,NA,296
"2002-07-02",NA,NA,296
"2002-07-03",NA,NA,296
"2002-07-04",NA,NA,296
"2002-07-05",NA,NA,296
"2002-07-06",NA,NA,296
"2002-07-07",6.08,NA,296
"2002-07-08",NA,NA,296
"2002-07-09",NA,NA,296
"2002-07-10",NA,NA,296
"2002-07-11",NA,NA,296
"2002-07-12",NA,NA,296
"2002-07-13",2.04,NA,296
"2002-07-14",NA,NA,296
"2002-07-15",NA,NA,296
"2002-07-16",NA,NA,296
"2002-07-17",NA,NA,296
"2002-07-18",NA,NA,296
"2002-07-19",2.64,NA,296
"2002-07-20",NA,NA,296
"2002-07-21",NA,NA,296
"2002-07-22",NA,NA,296
"2002-07-23",NA,NA,296
"2002-07-24",NA,NA,296
"2002-07-25",3.64,NA,296
"2002-07-26",NA,NA,296
"2002-07-27",NA,NA,296
"2002-07-28",NA,NA,296
"2002-07-29",NA,NA,296
"2002-07-30",NA,NA,296
"2002-07-31",3.07,NA,296
"2002-08-01",NA,NA,296
"2002-08-02",NA,NA,296
"2002-08-03",NA,NA,296
"2002-08-04",NA,NA,296
"2002-08-05",NA,NA,296
"2002-08-06",NA,NA,296
"2002-08-07",4.54,NA,296
"2002-08-08",NA,NA,296
"2002-08-09",NA,NA,296
"2002-08-10",NA,NA,296
"2002-08-11",NA,NA,296
"2002-08-12",2.03,NA,296
"2002-08-13",NA,NA,296
"2002-08-14",NA,NA,296
"2002-08-15",NA,NA,296
"2002-08-16",NA,NA,296
"2002-08-17",NA,NA,296
"2002-08-18",2.81,NA,296
"2002-08-19",NA,NA,296
"2002-08-20",NA,NA,296
"2002-08-21",NA,NA,296
"2002-08-22",NA,NA,296
"2002-08-23",NA,NA,296
"2002-08-24",1.7,NA,296
"2002-08-25",NA,NA,296
"2002-08-26",NA,NA,296
"2002-08-27",NA,NA,296
"2002-08-28",NA,NA,296
"2002-08-29",NA,NA,296
"2002-08-30",13.9,NA,296
"2002-08-31",NA,NA,296
"2002-09-01",NA,NA,296
"2002-09-02",NA,NA,296
"2002-09-03",NA,NA,296
"2002-09-04",NA,NA,296
"2002-09-05",2.32,NA,296
"2002-09-06",NA,NA,296
"2002-09-07",NA,NA,296
"2002-09-08",NA,NA,296
"2002-09-09",NA,NA,296
"2002-09-10",NA,NA,296
"2002-09-11",5.89,NA,296
"2002-09-12",NA,NA,296
"2002-09-13",NA,NA,296
"2002-09-14",NA,NA,296
"2002-09-15",NA,NA,296
"2002-09-16",NA,NA,296
"2002-09-17",0.946,NA,296
"2002-09-18",NA,NA,296
"2002-09-19",NA,NA,296
"2002-09-20",NA,NA,296
"2002-09-21",NA,NA,296
"2002-09-22",NA,NA,296
"2002-09-23",3.85,NA,296
"2002-09-24",NA,NA,296
"2002-09-25",NA,NA,296
"2002-09-26",NA,NA,296
"2002-09-27",NA,NA,296
"2002-09-28",NA,NA,296
"2002-09-29",NA,NA,296
"2002-09-30",NA,NA,296
"2002-10-01",NA,NA,296
"2002-10-02",NA,NA,296
"2002-10-03",NA,NA,296
"2002-10-04",NA,NA,296
"2002-10-05",3.51,NA,296
"2002-10-06",NA,NA,296
"2002-10-07",NA,NA,296
"2002-10-08",NA,NA,296
"2002-10-09",NA,NA,296
"2002-10-10",NA,NA,296
"2002-10-11",4.13,NA,296
"2002-10-12",NA,NA,296
"2002-10-13",NA,NA,296
"2002-10-14",NA,NA,296
"2002-10-15",NA,NA,296
"2002-10-16",NA,NA,296
"2002-10-17",3.22,NA,296
"2002-10-18",NA,NA,296
"2002-10-19",NA,NA,296
"2002-10-20",NA,NA,296
"2002-10-21",NA,NA,296
"2002-10-22",NA,NA,296
"2002-10-23",0.59,NA,296
"2002-10-24",NA,NA,296
"2002-10-25",NA,NA,296
"2002-10-26",NA,NA,296
"2002-10-27",NA,NA,296
"2002-10-28",NA,NA,296
"2002-10-29",0.894,NA,296
"2002-10-30",NA,NA,296
"2002-10-31",NA,NA,296
"2002-11-01",NA,NA,296
"2002-11-02",NA,NA,296
"2002-11-03",NA,NA,296
"2002-11-04",NA,NA,296
"2002-11-05",NA,NA,296
"2002-11-06",NA,NA,296
"2002-11-07",NA,NA,296
"2002-11-08",NA,NA,296
"2002-11-09",NA,NA,296
"2002-11-10",4.9,NA,296
"2002-11-11",NA,NA,296
"2002-11-12",NA,NA,296
"2002-11-13",NA,NA,296
"2002-11-14",NA,NA,296
"2002-11-15",NA,NA,296
"2002-11-16",NA,NA,296
"2002-11-17",NA,NA,296
"2002-11-18",NA,NA,296
"2002-11-19",NA,NA,296
"2002-11-20",NA,NA,296
"2002-11-21",NA,NA,296
"2002-11-22",0.884,NA,296
"2002-11-23",NA,NA,296
"2002-11-24",NA,NA,296
"2002-11-25",NA,NA,296
"2002-11-26",NA,NA,296
"2002-11-27",NA,NA,296
"2002-11-28",2.38,NA,296
"2002-11-29",NA,NA,296
"2002-11-30",NA,NA,296
"2002-12-01",NA,NA,296
"2002-12-02",NA,NA,296
"2002-12-03",NA,NA,296
"2002-12-04",1.29,NA,296
"2002-12-05",NA,NA,296
"2002-12-06",NA,NA,296
"2002-12-07",NA,NA,296
"2002-12-08",NA,NA,296
"2002-12-09",NA,NA,296
"2002-12-10",1.3,NA,296
"2002-12-11",NA,NA,296
"2002-12-12",NA,NA,296
"2002-12-13",NA,NA,296
"2002-12-14",NA,NA,296
"2002-12-15",NA,NA,296
"2002-12-16",1.79,NA,296
"2002-12-17",NA,NA,296
"2002-12-18",NA,NA,296
"2002-12-19",NA,NA,296
"2002-12-20",NA,NA,296
"2002-12-21",NA,NA,296
"2002-12-22",2.58,NA,296
"2002-12-23",NA,NA,296
"2002-12-24",NA,NA,296
"2002-12-25",NA,NA,296
"2002-12-26",NA,NA,296
"2002-12-27",NA,NA,296
"2002-12-28",2.02,NA,296
"2002-12-29",NA,NA,296
"2002-12-30",NA,NA,296
"2002-12-31",NA,NA,296
"2003-01-01",NA,NA,296
"2003-01-02",NA,NA,296
"2003-01-03",1.05,NA,296
"2003-01-04",NA,NA,296
"2003-01-05",NA,NA,296
"2003-01-06",NA,NA,296
"2003-01-07",NA,NA,296
"2003-01-08",NA,NA,296
"2003-01-09",3.44,NA,296
"2003-01-10",NA,NA,296
"2003-01-11",NA,NA,296
"2003-01-12",NA,NA,296
"2003-01-13",NA,NA,296
"2003-01-14",NA,NA,296
"2003-01-15",3.2,NA,296
"2003-01-16",NA,NA,296
"2003-01-17",NA,NA,296
"2003-01-18",NA,NA,296
"2003-01-19",NA,NA,296
"2003-01-20",NA,NA,296
"2003-01-21",6.09,NA,296
"2003-01-22",NA,NA,296
"2003-01-23",NA,NA,296
"2003-01-24",NA,NA,296
"2003-01-25",NA,NA,296
"2003-01-26",NA,NA,296
"2003-01-27",3.98,NA,296
"2003-01-28",NA,NA,296
"2003-01-29",NA,NA,296
"2003-01-30",NA,NA,296
"2003-01-31",NA,NA,296
"2003-02-01",NA,NA,296
"2003-02-02",2.94,NA,296
"2003-02-03",NA,NA,296
"2003-02-04",NA,NA,296
"2003-02-05",NA,NA,296
"2003-02-06",NA,NA,296
"2003-02-07",NA,NA,296
"2003-02-08",4.33,NA,296
"2003-02-09",NA,NA,296
"2003-02-10",NA,NA,296
"2003-02-11",NA,NA,296
"2003-02-12",NA,NA,296
"2003-02-13",NA,NA,296
"2003-02-14",2.29,NA,296
"2003-02-15",NA,NA,296
"2003-02-16",NA,NA,296
"2003-02-17",NA,NA,296
"2003-02-18",NA,NA,296
"2003-02-19",NA,NA,296
"2003-02-20",1.93,NA,296
"2003-02-21",NA,NA,296
"2003-02-22",NA,NA,296
"2003-02-23",NA,NA,296
"2003-02-24",NA,NA,296
"2003-02-25",NA,NA,296
"2003-02-26",2.72,NA,296
"2003-02-27",NA,NA,296
"2003-02-28",NA,NA,296
"2003-03-01",NA,NA,296
"2003-03-02",NA,NA,296
"2003-03-03",NA,NA,296
"2003-03-04",2.86,NA,296
"2003-03-05",NA,NA,296
"2003-03-06",NA,NA,296
"2003-03-07",NA,NA,296
"2003-03-08",NA,NA,296
"2003-03-09",NA,NA,296
"2003-03-10",7.13,NA,296
"2003-03-11",NA,NA,296
"2003-03-12",NA,NA,296
"2003-03-13",NA,NA,296
"2003-03-14",NA,NA,296
"2003-03-15",NA,NA,296
"2003-03-16",2.24,NA,296
"2003-03-17",NA,NA,296
"2003-03-18",NA,NA,296
"2003-03-19",NA,NA,296
"2003-03-20",NA,NA,296
"2003-03-21",NA,NA,296
"2003-03-22",3.24,NA,296
"2003-03-23",NA,NA,296
"2003-03-24",NA,NA,296
"2003-03-25",NA,NA,296
"2003-03-26",NA,NA,296
"2003-03-27",NA,NA,296
"2003-03-28",2.61,NA,296
"2003-03-29",NA,NA,296
"2003-03-30",NA,NA,296
"2003-03-31",NA,NA,296
"2003-04-01",NA,NA,296
"2003-04-02",NA,NA,296
"2003-04-03",3.01,NA,296
"2003-04-04",NA,NA,296
"2003-04-05",NA,NA,296
"2003-04-06",NA,NA,296
"2003-04-07",NA,NA,296
"2003-04-08",NA,NA,296
"2003-04-09",1.93,NA,296
"2003-04-10",NA,NA,296
"2003-04-11",NA,NA,296
"2003-04-12",NA,NA,296
"2003-04-13",NA,NA,296
"2003-04-14",NA,NA,296
"2003-04-15",3.75,NA,296
"2003-04-16",NA,NA,296
"2003-04-17",NA,NA,296
"2003-04-18",NA,NA,296
"2003-04-19",NA,NA,296
"2003-04-20",NA,NA,296
"2003-04-21",5.67,NA,296
"2003-04-22",NA,NA,296
"2003-04-23",NA,NA,296
"2003-04-24",NA,NA,296
"2003-04-25",NA,NA,296
"2003-04-26",NA,NA,296
"2003-04-27",3.19,NA,296
"2003-04-28",NA,NA,296
"2003-04-29",NA,NA,296
"2003-04-30",NA,NA,296
"2003-05-01",NA,NA,296
"2003-05-02",NA,NA,296
"2003-05-03",6.01,NA,296
"2003-05-04",NA,NA,296
"2003-05-05",NA,NA,296
"2003-05-06",NA,NA,296
"2003-05-07",NA,NA,296
"2003-05-08",NA,NA,296
"2003-05-09",4.05,NA,296
"2003-05-10",NA,NA,296
"2003-05-11",NA,NA,296
"2003-05-12",NA,NA,296
"2003-05-13",NA,NA,296
"2003-05-14",NA,NA,296
"2003-05-15",5.53,NA,296
"2003-05-16",NA,NA,296
"2003-05-17",NA,NA,296
"2003-05-18",NA,NA,296
"2003-05-19",NA,NA,296
"2003-05-20",NA,NA,296
"2003-05-21",NA,NA,296
"2003-05-22",NA,NA,296
"2003-05-23",NA,NA,296
"2003-05-24",NA,NA,296
"2003-05-25",NA,NA,296
"2003-05-26",NA,NA,296
"2003-05-27",NA,NA,296
"2003-05-28",NA,NA,296
"2003-05-29",NA,NA,296
"2003-05-30",NA,NA,296
"2003-05-31",NA,NA,296
"2003-06-01",NA,NA,296
"2003-06-02",4.6,NA,296
"2003-06-03",NA,NA,296
"2003-06-04",NA,NA,296
"2003-06-05",NA,NA,296
"2003-06-06",NA,NA,296
"2003-06-07",NA,NA,296
"2003-06-08",6.03,NA,296
"2003-06-09",NA,NA,296
"2003-06-10",NA,NA,296
"2003-06-11",NA,NA,296
"2003-06-12",NA,NA,296
"2003-06-13",NA,NA,296
"2003-06-14",1.21,NA,296
"2003-06-15",NA,NA,296
"2003-06-16",NA,NA,296
"2003-06-17",NA,NA,296
"2003-06-18",NA,NA,296
"2003-06-19",NA,NA,296
"2003-06-20",2.13,NA,296
"2003-06-21",NA,NA,296
"2003-06-22",NA,NA,296
"2003-06-23",NA,NA,296
"2003-06-24",NA,NA,296
"2003-06-25",NA,NA,296
"2003-06-26",1.62,NA,296
"2003-06-27",NA,NA,296
"2003-06-28",NA,NA,296
"2003-06-29",NA,NA,296
"2003-06-30",NA,NA,296
"2003-07-01",NA,NA,296
"2003-07-02",2.5,NA,296
"2003-07-03",NA,NA,296
"2003-07-04",1.18,NA,296
"2003-07-05",NA,NA,296
"2003-07-06",NA,NA,296
"2003-07-07",NA,NA,296
"2003-07-08",NA,NA,296
"2003-07-09",NA,NA,296
"2003-07-10",NA,NA,296
"2003-07-11",NA,NA,296
"2003-07-12",NA,NA,296
"2003-07-13",NA,NA,296
"2003-07-14",1.78,NA,296
"2003-07-15",NA,NA,296
"2003-07-16",NA,NA,296
"2003-07-17",NA,NA,296
"2003-07-18",NA,NA,296
"2003-07-19",NA,NA,296
"2003-07-20",2.01,NA,296
"2003-07-21",NA,NA,296
"2003-07-22",NA,NA,296
"2003-07-23",NA,NA,296
"2003-07-24",NA,NA,296
"2003-07-25",NA,NA,296
"2003-07-26",3.23,NA,296
"2003-07-27",NA,NA,296
"2003-07-28",NA,NA,296
"2003-07-29",NA,NA,296
"2003-07-30",NA,NA,296
"2003-07-31",NA,NA,296
"2003-08-01",2.57,NA,296
"2003-08-02",NA,NA,296
"2003-08-03",NA,NA,296
"2003-08-04",NA,NA,296
"2003-08-05",NA,NA,296
"2003-08-06",NA,NA,296
"2003-08-07",2.03,NA,296
"2003-08-08",NA,NA,296
"2003-08-09",NA,NA,296
"2003-08-10",NA,NA,296
"2003-08-11",NA,NA,296
"2003-08-12",NA,NA,296
"2003-08-13",NA,NA,296
"2003-08-14",NA,NA,296
"2003-08-15",NA,NA,296
"2003-08-16",NA,NA,296
"2003-08-17",NA,NA,296
"2003-08-18",NA,NA,296
"2003-08-19",2.15,NA,296
"2003-08-20",NA,NA,296
"2003-08-21",NA,NA,296
"2003-08-22",NA,NA,296
"2003-08-23",NA,NA,296
"2003-08-24",NA,NA,296
"2003-08-25",1.49,NA,296
"2003-08-26",NA,NA,296
"2003-08-27",NA,NA,296
"2003-08-28",NA,NA,296
"2003-08-29",NA,NA,296
"2003-08-30",NA,NA,296
"2003-08-31",1.03,NA,296
"2003-09-01",NA,NA,296
"2003-09-02",NA,NA,296
"2003-09-03",NA,NA,296
"2003-09-04",NA,NA,296
"2003-09-05",NA,NA,296
"2003-09-06",4.5,NA,296
"2003-09-07",NA,NA,296
"2003-09-08",NA,NA,296
"2003-09-09",NA,NA,296
"2003-09-10",NA,NA,296
"2003-09-11",NA,NA,296
"2003-09-12",1.32,NA,296
"2003-09-13",NA,NA,296
"2003-09-14",NA,NA,296
"2003-09-15",NA,NA,296
"2003-09-16",NA,NA,296
"2003-09-17",NA,NA,296
"2003-09-18",2.44,NA,296
"2003-09-19",NA,NA,296
"2003-09-20",NA,NA,296
"2003-09-21",NA,NA,296
"2003-09-22",NA,NA,296
"2003-09-23",NA,NA,296
"2003-09-24",4.63,NA,296
"2003-09-25",NA,NA,296
"2003-09-26",NA,NA,296
"2003-09-27",NA,NA,296
"2003-09-28",NA,NA,296
"2003-09-29",NA,NA,296
"2003-09-30",2.42,NA,296
"2003-10-01",NA,NA,296
"2003-10-02",NA,NA,296
"2003-10-03",NA,NA,296
"2003-10-04",NA,NA,296
"2003-10-05",NA,NA,296
"2003-10-06",2.24,NA,296
"2003-10-07",NA,NA,296
"2003-10-08",NA,NA,296
"2003-10-09",NA,NA,296
"2003-10-10",NA,NA,296
"2003-10-11",NA,NA,296
"2003-10-12",3.58,NA,296
"2003-10-13",NA,NA,296
"2003-10-14",NA,NA,296
"2003-10-15",NA,NA,296
"2003-10-16",NA,NA,296
"2003-10-17",NA,NA,296
"2003-10-18",2.44,NA,296
"2003-10-19",NA,NA,296
"2003-10-20",NA,NA,296
"2003-10-21",NA,NA,296
"2003-10-22",NA,NA,296
"2003-10-23",NA,NA,296
"2003-10-24",3.36,NA,296
"2003-10-25",NA,NA,296
"2003-10-26",NA,NA,296
"2003-10-27",NA,NA,296
"2003-10-28",NA,NA,296
"2003-10-29",NA,NA,296
"2003-10-30",NA,NA,296
"2003-10-31",NA,NA,296
"2003-11-01",2.76,NA,296
"2003-11-02",NA,NA,296
"2003-11-03",NA,NA,296
"2003-11-04",NA,NA,296
"2003-11-05",1.83,NA,296
"2003-11-06",NA,NA,296
"2003-11-07",NA,NA,296
"2003-11-08",NA,NA,296
"2003-11-09",NA,NA,296
"2003-11-10",NA,NA,296
"2003-11-11",4.01,NA,296
"2003-11-12",NA,NA,296
"2003-11-13",NA,NA,296
"2003-11-14",NA,NA,296
"2003-11-15",NA,NA,296
"2003-11-16",NA,NA,296
"2003-11-17",3.13,NA,296
"2003-11-18",NA,NA,296
"2003-11-19",NA,NA,296
"2003-11-20",NA,NA,296
"2003-11-21",NA,NA,296
"2003-11-22",NA,NA,296
"2003-11-23",3.29,NA,296
"2003-11-24",NA,NA,296
"2003-11-25",NA,NA,296
"2003-11-26",NA,NA,296
"2003-11-27",NA,NA,296
"2003-11-28",NA,NA,296
"2003-11-29",0.698,NA,296
"2003-11-30",NA,NA,296
"2003-12-01",NA,NA,296
"2003-12-02",NA,NA,296
"2003-12-03",NA,NA,296
"2003-12-04",NA,NA,296
"2003-12-05",1.91,NA,296
"2003-12-06",NA,NA,296
"2003-12-07",NA,NA,296
"2003-12-08",NA,NA,296
"2003-12-09",NA,NA,296
"2003-12-10",NA,NA,296
"2003-12-11",0.632,NA,296
"2003-12-12",NA,NA,296
"2003-12-13",NA,NA,296
"2003-12-14",NA,NA,296
"2003-12-15",NA,NA,296
"2003-12-16",NA,NA,296
"2003-12-17",0.614,NA,296
"2003-12-18",NA,NA,296
"2003-12-19",NA,NA,296
"2003-12-20",NA,NA,296
"2003-12-21",NA,NA,296
"2003-12-22",NA,NA,296
"2003-12-23",0.885,NA,296
"2003-12-24",NA,NA,296
"2003-12-25",NA,NA,296
"2003-12-26",NA,NA,296
"2003-12-27",NA,NA,296
"2003-12-28",NA,NA,296
"2003-12-29",0.636,NA,296
"2003-12-30",NA,NA,296
"2003-12-31",NA,NA,296
"2004-01-01",NA,NA,296
"2004-01-02",NA,NA,296
"2004-01-03",NA,NA,296
"2004-01-04",NA,NA,296
"2004-01-05",NA,NA,296
"2004-01-06",NA,NA,296
"2004-01-07",2.15,NA,296
"2004-01-08",NA,NA,296
"2004-01-09",NA,NA,296
"2004-01-10",2.24,NA,296
"2004-01-11",NA,NA,296
"2004-01-12",NA,NA,296
"2004-01-13",NA,NA,296
"2004-01-14",NA,NA,296
"2004-01-15",NA,NA,296
"2004-01-16",2.14,NA,296
"2004-01-17",NA,NA,296
"2004-01-18",NA,NA,296
"2004-01-19",NA,NA,296
"2004-01-20",NA,NA,296
"2004-01-21",NA,NA,296
"2004-01-22",2.56,NA,296
"2004-01-23",NA,NA,296
"2004-01-24",NA,NA,296
"2004-01-25",NA,NA,296
"2004-01-26",NA,NA,296
"2004-01-27",NA,NA,296
"2004-01-28",1.24,NA,296
"2004-01-29",NA,NA,296
"2004-01-30",NA,NA,296
"2004-01-31",NA,NA,296
"2004-02-01",NA,NA,296
"2004-02-02",NA,NA,296
"2004-02-03",1.38,NA,296
"2004-02-04",NA,NA,296
"2004-02-05",NA,NA,296
"2004-02-06",NA,NA,296
"2004-02-07",NA,NA,296
"2004-02-08",NA,NA,296
"2004-02-09",2.64,NA,296
"2004-02-10",NA,NA,296
"2004-02-11",NA,NA,296
"2004-02-12",NA,NA,296
"2004-02-13",NA,NA,296
"2004-02-14",NA,NA,296
"2004-02-15",1.77,NA,296
"2004-02-16",NA,NA,296
"2004-02-17",NA,NA,296
"2004-02-18",NA,NA,296
"2004-02-19",NA,NA,296
"2004-02-20",NA,NA,296
"2004-02-21",3.71,NA,296
"2004-02-22",NA,NA,296
"2004-02-23",NA,NA,296
"2004-02-24",NA,NA,296
"2004-02-25",NA,NA,296
"2004-02-26",NA,NA,296
"2004-02-27",5.83,NA,296
"2004-02-28",NA,NA,296
"2004-02-29",NA,NA,296
"2004-03-01",NA,NA,296
"2004-03-02",NA,NA,296
"2004-03-03",NA,NA,296
"2004-03-04",NA,NA,296
"2004-03-05",NA,NA,296
"2004-03-06",NA,NA,296
"2004-03-07",NA,NA,296
"2004-03-08",NA,NA,296
"2004-03-09",NA,NA,296
"2004-03-10",1.84,NA,296
"2004-03-11",NA,NA,296
"2004-03-12",NA,NA,296
"2004-03-13",NA,NA,296
"2004-03-14",NA,NA,296
"2004-03-15",NA,NA,296
"2004-03-16",1.69,NA,296
"2004-03-17",NA,NA,296
"2004-03-18",NA,NA,296
"2004-03-19",NA,NA,296
"2004-03-20",NA,NA,296
"2004-03-21",NA,NA,296
"2004-03-22",3.53,NA,296
"2004-03-23",NA,NA,296
"2004-03-24",NA,NA,296
"2004-03-25",NA,NA,296
"2004-03-26",NA,NA,296
"2004-03-27",NA,NA,296
"2004-03-28",NA,NA,296
"2004-03-29",NA,NA,296
"2004-03-30",NA,NA,296
"2004-03-31",NA,NA,296
"2004-04-01",NA,NA,296
"2004-04-02",NA,NA,296
"2004-04-03",1.83,NA,296
"2004-04-04",NA,NA,296
"2004-04-05",NA,NA,296
"2004-04-06",NA,NA,296
"2004-04-07",NA,NA,296
"2004-04-08",NA,NA,296
"2004-04-09",NA,NA,296
"2004-04-10",NA,NA,296
"2004-04-11",NA,NA,296
"2004-04-12",NA,NA,296
"2004-04-13",NA,NA,296
"2004-04-14",NA,NA,296
"2004-04-15",2.67,NA,296
"2004-04-16",3.1,NA,296
"2004-04-17",NA,NA,296
"2004-04-18",NA,NA,296
"2004-04-19",NA,NA,296
"2004-04-20",NA,NA,296
"2004-04-21",3.62,NA,296
"2004-04-22",NA,NA,296
"2004-04-23",NA,NA,296
"2004-04-24",NA,NA,296
"2004-04-25",NA,NA,296
"2004-04-26",NA,NA,296
"2004-04-27",3.54,NA,296
"2004-04-28",NA,NA,296
"2004-04-29",NA,NA,296
"2004-04-30",NA,NA,296
"2004-05-01",NA,NA,296
"2004-05-02",NA,NA,296
"2004-05-03",2.7,NA,296
"2004-05-04",NA,NA,296
"2004-05-05",NA,NA,296
"2004-05-06",NA,NA,296
"2004-05-07",NA,NA,296
"2004-05-08",NA,NA,296
"2004-05-09",3.3,NA,296
"2004-05-10",NA,NA,296
"2004-05-11",NA,NA,296
"2004-05-12",NA,NA,296
"2004-05-13",NA,NA,296
"2004-05-14",NA,NA,296
"2004-05-15",3.95,NA,296
"2004-05-16",NA,NA,296
"2004-05-17",NA,NA,296
"2004-05-18",NA,NA,296
"2004-05-19",NA,NA,296
"2004-05-20",NA,NA,296
"2004-05-21",2.58,NA,296
"2004-05-22",NA,NA,296
"2004-05-23",NA,NA,296
"2004-05-24",NA,NA,296
"2004-05-25",NA,NA,296
"2004-05-26",NA,NA,296
"2004-05-27",3.36,NA,296
"2004-05-28",NA,NA,296
"2004-05-29",NA,NA,296
"2004-05-30",NA,NA,296
"2004-05-31",NA,NA,296
"2004-06-01",NA,NA,296
"2004-06-02",NA,NA,296
"2004-06-03",NA,NA,296
"2004-06-04",NA,NA,296
"2004-06-05",NA,NA,296
"2004-06-06",NA,NA,296
"2004-06-07",NA,NA,296
"2004-06-08",NA,NA,296
"2004-06-09",NA,NA,296
"2004-06-10",NA,NA,296
"2004-06-11",NA,NA,296
"2004-06-12",NA,NA,296
"2004-06-13",NA,NA,296
"2004-06-14",0.925,NA,296
"2004-06-15",NA,NA,296
"2004-06-16",NA,NA,296
"2004-06-17",NA,NA,296
"2004-06-18",NA,NA,296
"2004-06-19",NA,NA,296
"2004-06-20",3.81,NA,296
"2004-06-21",NA,NA,296
"2004-06-22",NA,NA,296
"2004-06-23",NA,NA,296
"2004-06-24",NA,NA,296
"2004-06-25",NA,NA,296
"2004-06-26",0.63,NA,296
"2004-06-27",NA,NA,296
"2004-06-28",NA,NA,296
"2004-06-29",NA,NA,296
"2004-06-30",NA,NA,296
"2004-07-01",NA,NA,296
"2004-07-02",2.28,NA,296
"2004-07-03",NA,NA,296
"2004-07-04",NA,NA,296
"2004-07-05",NA,NA,296
"2004-07-06",NA,NA,296
"2004-07-07",NA,NA,296
"2004-07-08",NA,NA,296
"2004-07-09",NA,NA,296
"2004-07-10",NA,NA,296
"2004-07-11",NA,NA,296
"2004-07-12",NA,NA,296
"2004-07-13",NA,NA,296
"2004-07-14",2.46,NA,296
"2004-07-15",NA,NA,296
"2004-07-16",NA,NA,296
"2004-07-17",NA,NA,296
"2004-07-18",NA,NA,296
"2004-07-19",NA,NA,296
"2004-07-20",NA,NA,296
"2004-07-21",NA,NA,296
"2004-07-22",NA,NA,296
"2004-07-23",NA,NA,296
"2004-07-24",NA,NA,296
"2004-07-25",NA,NA,296
"2004-07-26",5.34,NA,296
"2004-07-27",7.52,NA,296
"2004-07-28",NA,NA,296
"2004-07-29",NA,NA,296
"2004-07-30",NA,NA,296
"2004-07-31",NA,NA,296
"2004-08-01",3.28,NA,296
"2004-08-02",NA,NA,296
"2004-08-03",NA,NA,296
"2004-08-04",NA,NA,296
"2004-08-05",NA,NA,296
"2004-08-06",NA,NA,296
"2004-08-07",4.63,NA,296
"2004-08-08",NA,NA,296
"2004-08-09",NA,NA,296
"2004-08-10",NA,NA,296
"2004-08-11",NA,NA,296
"2004-08-12",NA,NA,296
"2004-08-13",2.3,NA,296
"2004-08-14",NA,NA,296
"2004-08-15",NA,NA,296
"2004-08-16",NA,NA,296
"2004-08-17",NA,NA,296
"2004-08-18",NA,NA,296
"2004-08-19",1.43,NA,296
"2004-08-20",NA,NA,296
"2004-08-21",NA,NA,296
"2004-08-22",NA,NA,296
"2004-08-23",NA,NA,296
"2004-08-24",NA,NA,296
"2004-08-25",1.9,NA,296
"2004-08-26",NA,NA,296
"2004-08-27",NA,NA,296
"2004-08-28",NA,NA,296
"2004-08-29",NA,NA,296
"2004-08-30",NA,NA,296
"2004-08-31",3.56,NA,296
"2004-09-01",NA,NA,296
"2004-09-02",NA,NA,296
"2004-09-03",NA,NA,296
"2004-09-04",NA,NA,296
"2004-09-05",NA,NA,296
"2004-09-06",2.21,NA,296
"2004-09-07",NA,NA,296
"2004-09-08",NA,NA,296
"2004-09-09",NA,NA,296
"2004-09-10",NA,NA,296
"2004-09-11",NA,NA,296
"2004-09-12",7.55,NA,296
"2004-09-13",NA,NA,296
"2004-09-14",NA,NA,296
"2004-09-15",NA,NA,296
"2004-09-16",NA,NA,296
"2004-09-17",NA,NA,296
"2004-09-18",NA,NA,296
"2004-09-19",NA,NA,296
"2004-09-20",NA,NA,296
"2004-09-21",NA,NA,296
"2004-09-22",NA,NA,296
"2004-09-23",NA,NA,296
"2004-09-24",2.31,NA,296
"2004-09-25",NA,NA,296
"2004-09-26",NA,NA,296
"2004-09-27",NA,NA,296
"2004-09-28",NA,NA,296
"2004-09-29",NA,NA,296
"2004-09-30",NA,NA,296
"2004-10-01",NA,NA,296
"2004-10-02",NA,NA,296
"2004-10-03",NA,NA,296
"2004-10-04",NA,NA,296
"2004-10-05",NA,NA,296
"2004-10-06",2.44,NA,296
"2004-10-07",NA,NA,296
"2004-10-08",NA,NA,296
"2004-10-09",NA,NA,296
"2004-10-10",NA,NA,296
"2004-10-11",NA,NA,296
"2004-10-12",1.73,NA,296
"2004-10-13",NA,NA,296
"2004-10-14",NA,NA,296
"2004-10-15",NA,NA,296
"2004-10-16",NA,NA,296
"2004-10-17",NA,NA,296
"2004-10-18",3.28,NA,296
"2004-10-19",NA,NA,296
"2004-10-20",NA,NA,296
"2004-10-21",NA,NA,296
"2004-10-22",NA,NA,296
"2004-10-23",NA,NA,296
"2004-10-24",2.95,NA,296
"2004-10-25",NA,NA,296
"2004-10-26",NA,NA,296
"2004-10-27",NA,NA,296
"2004-10-28",NA,NA,296
"2004-10-29",NA,NA,296
"2004-10-30",3.82,NA,296
"2004-10-31",NA,NA,296
"2004-11-01",NA,NA,296
"2004-11-02",NA,NA,296
"2004-11-03",NA,NA,296
"2004-11-04",NA,NA,296
"2004-11-05",1.53455,NA,296
"2004-11-06",NA,NA,296
"2004-11-07",NA,NA,296
"2004-11-08",NA,NA,296
"2004-11-09",NA,NA,296
"2004-11-10",NA,NA,296
"2004-11-11",1.87493,NA,296
"2004-11-12",NA,NA,296
"2004-11-13",NA,NA,296
"2004-11-14",NA,NA,296
"2004-11-15",NA,NA,296
"2004-11-16",NA,NA,296
"2004-11-17",2.22607,NA,296
"2004-11-18",NA,NA,296
"2004-11-19",NA,NA,296
"2004-11-20",NA,NA,296
"2004-11-21",NA,NA,296
"2004-11-22",NA,NA,296
"2004-11-23",2.66114,NA,296
"2004-11-24",NA,NA,296
"2004-11-25",NA,NA,296
"2004-11-26",NA,NA,296
"2004-11-27",NA,NA,296
"2004-11-28",NA,NA,296
"2004-11-29",3.27416,NA,296
"2004-11-30",NA,NA,296
"2004-12-01",NA,NA,296
"2004-12-02",NA,NA,296
"2004-12-03",NA,NA,296
"2004-12-04",NA,NA,296
"2004-12-05",4.0565,NA,296
"2004-12-06",NA,NA,296
"2004-12-07",NA,NA,296
"2004-12-08",NA,NA,296
"2004-12-09",NA,NA,296
"2004-12-10",NA,NA,296
"2004-12-11",0.74753,NA,296
"2004-12-12",NA,NA,296
"2004-12-13",NA,NA,296
"2004-12-14",NA,NA,296
"2004-12-15",NA,NA,296
"2004-12-16",NA,NA,296
"2004-12-17",3.9718,NA,296
"2004-12-18",NA,NA,296
"2004-12-19",NA,NA,296
"2004-12-20",NA,NA,296
"2004-12-21",NA,NA,296
"2004-12-22",NA,NA,296
"2004-12-23",1.36816,NA,296
"2004-12-24",NA,NA,296
"2004-12-25",NA,NA,296
"2004-12-26",NA,NA,296
"2004-12-27",NA,NA,296
"2004-12-28",NA,NA,296
"2004-12-29",1.46128,NA,296
"2004-12-30",NA,NA,296
"2004-12-31",NA,NA,296
"2005-01-01",NA,NA,296
"2005-01-02",NA,NA,296
"2005-01-03",NA,NA,296
"2005-01-04",2.6339,NA,296
"2005-01-05",NA,NA,296
"2005-01-06",NA,NA,296
"2005-01-07",NA,NA,296
"2005-01-08",NA,NA,296
"2005-01-09",NA,NA,296
"2005-01-10",1.71063,NA,296
"2005-01-11",NA,NA,296
"2005-01-12",NA,NA,296
"2005-01-13",NA,NA,296
"2005-01-14",NA,NA,296
"2005-01-15",NA,NA,296
"2005-01-16",2.10691,NA,296
"2005-01-17",NA,NA,296
"2005-01-18",NA,NA,296
"2005-01-19",NA,NA,296
"2005-01-20",NA,NA,296
"2005-01-21",NA,NA,296
"2005-01-22",NA,NA,296
"2005-01-23",NA,NA,296
"2005-01-24",NA,NA,296
"2005-01-25",NA,NA,296
"2005-01-26",NA,NA,296
"2005-01-27",NA,NA,296
"2005-01-28",1.64964,NA,296
"2005-01-29",NA,NA,296
"2005-01-30",NA,NA,296
"2005-01-31",NA,NA,296
"2005-02-01",NA,NA,296
"2005-02-02",NA,NA,296
"2005-02-03",6.29989,NA,296
"2005-02-04",NA,NA,296
"2005-02-05",NA,NA,296
"2005-02-06",NA,NA,296
"2005-02-07",NA,NA,296
"2005-02-08",NA,NA,296
"2005-02-09",4.49958,NA,296
"2005-02-10",NA,NA,296
"2005-02-11",NA,NA,296
"2005-02-12",NA,NA,296
"2005-02-13",NA,NA,296
"2005-02-14",NA,NA,296
"2005-02-15",3.843,NA,296
"2005-02-16",NA,NA,296
"2005-02-17",NA,NA,296
"2005-02-18",NA,NA,296
"2005-02-19",NA,NA,296
"2005-02-20",NA,NA,296
"2005-02-21",5.06546,NA,296
"2005-02-22",NA,NA,296
"2005-02-23",NA,NA,296
"2005-02-24",NA,NA,296
"2005-02-25",NA,NA,296
"2005-02-26",NA,NA,296
"2005-02-27",2.01115,NA,296
"2005-02-28",NA,NA,296
"2005-03-01",NA,NA,296
"2005-03-02",NA,NA,296
"2005-03-03",NA,NA,296
"2005-03-04",NA,NA,296
"2005-03-05",2.55911,NA,296
"2005-03-06",NA,NA,296
"2005-03-07",NA,NA,296
"2005-03-08",NA,NA,296
"2005-03-09",NA,NA,296
"2005-03-10",NA,NA,296
"2005-03-11",1.30258,NA,296
"2005-03-12",NA,NA,296
"2005-03-13",NA,NA,296
"2005-03-14",NA,NA,296
"2005-03-15",NA,NA,296
"2005-03-16",NA,NA,296
"2005-03-17",2.55633,NA,296
"2005-03-18",NA,NA,296
"2005-03-19",NA,NA,296
"2005-03-20",NA,NA,296
"2005-03-21",NA,NA,296
"2005-03-22",NA,NA,296
"2005-03-23",1.50854,NA,296
"2005-03-24",NA,NA,296
"2005-03-25",NA,NA,296
"2005-03-26",NA,NA,296
"2005-03-27",NA,NA,296
"2005-03-28",NA,NA,296
"2005-03-29",1.48485,NA,296
"2005-03-30",NA,NA,296
"2005-03-31",NA,NA,296
"2005-04-01",NA,NA,296
"2005-04-02",NA,NA,296
"2005-04-03",NA,NA,296
"2005-04-04",3.47605,NA,296
"2005-04-05",NA,NA,296
"2005-04-06",NA,NA,296
"2005-04-07",NA,NA,296
"2005-04-08",NA,NA,296
"2005-04-09",NA,NA,296
"2005-04-10",3.86068,NA,296
"2005-04-11",NA,NA,296
"2005-04-12",NA,NA,296
"2005-04-13",NA,NA,296
"2005-04-14",NA,NA,296
"2005-04-15",NA,NA,296
"2005-04-16",7.36883,NA,296
"2005-04-17",NA,NA,296
"2005-04-18",NA,NA,296
"2005-04-19",NA,NA,296
"2005-04-20",NA,NA,296
"2005-04-21",NA,NA,296
"2005-04-22",4.45854,NA,296
"2005-04-23",NA,NA,296
"2005-04-24",NA,NA,296
"2005-04-25",NA,NA,296
"2005-04-26",NA,NA,296
"2005-04-27",NA,NA,296
"2005-04-28",4.98541,NA,296
"2005-04-29",NA,NA,296
"2005-04-30",NA,NA,296
"2005-05-01",NA,NA,296
"2005-05-02",NA,NA,296
"2005-05-03",NA,NA,296
"2005-05-04",4.24308,NA,296
"2005-05-05",NA,NA,296
"2005-05-06",NA,NA,296
"2005-05-07",NA,NA,296
"2005-05-08",NA,NA,296
"2005-05-09",NA,NA,296
"2005-05-10",5.3789,NA,296
"2005-05-11",NA,NA,296
"2005-05-12",NA,NA,296
"2005-05-13",NA,NA,296
"2005-05-14",NA,NA,296
"2005-05-15",NA,NA,296
"2005-05-16",4.59534,NA,296
"2005-05-17",NA,NA,296
"2005-05-18",NA,NA,296
"2005-05-19",NA,NA,296
"2005-05-20",NA,NA,296
"2005-05-21",NA,NA,296
"2005-05-22",NA,NA,296
"2005-05-23",NA,NA,296
"2005-05-24",NA,NA,296
"2005-05-25",NA,NA,296
"2005-05-26",NA,NA,296
"2005-05-27",NA,NA,296
"2005-05-28",4.99029,NA,296
"2005-05-29",NA,NA,296
"2005-05-30",NA,NA,296
"2005-05-31",NA,NA,296
"2005-06-01",NA,NA,296
"2005-06-02",NA,NA,296
"2005-06-03",NA,NA,296
"2005-06-04",NA,NA,296
"2005-06-05",NA,NA,296
"2005-06-06",NA,NA,296
"2005-06-07",1.87099,NA,296
"2005-06-08",2.88585,NA,296
"2005-06-09",3.0635,NA,296
"2005-06-10",2.74113,NA,296
"2005-06-11",2.81783,NA,296
"2005-06-12",NA,NA,296
"2005-06-13",NA,NA,296
"2005-06-14",NA,NA,296
"2005-06-15",NA,NA,296
"2005-06-16",NA,NA,296
"2005-06-17",NA,NA,296
"2005-06-18",NA,NA,296
"2005-06-19",NA,NA,296
"2005-06-20",NA,NA,296
"2005-06-21",NA,NA,296
"2005-06-22",NA,NA,296
"2005-06-23",NA,NA,296
"2005-06-24",NA,NA,296
"2005-06-25",NA,NA,296
"2005-06-26",NA,NA,296
"2005-06-27",10.54994,NA,296
"2005-06-28",NA,NA,296
"2005-06-29",NA,NA,296
"2005-06-30",NA,NA,296
"2005-07-01",NA,NA,296
"2005-07-02",NA,NA,296
"2005-07-03",2.73803,NA,296
"2005-07-04",NA,NA,296
"2005-07-05",NA,NA,296
"2005-07-06",NA,NA,296
"2005-07-07",NA,NA,296
"2005-07-08",NA,NA,296
"2005-07-09",2.80655,NA,296
"2005-07-10",NA,NA,296
"2005-07-11",NA,NA,296
"2005-07-12",NA,NA,296
"2005-07-13",NA,NA,296
"2005-07-14",NA,NA,296
"2005-07-15",1.73641,NA,296
"2005-07-16",NA,NA,296
"2005-07-17",NA,NA,296
"2005-07-18",NA,NA,296
"2005-07-19",NA,NA,296
"2005-07-20",NA,NA,296
"2005-07-21",3.11011,NA,296
"2005-07-22",NA,NA,296
"2005-07-23",NA,NA,296
"2005-07-24",NA,NA,296
"2005-07-25",NA,NA,296
"2005-07-26",NA,NA,296
"2005-07-27",3.07749,NA,296
"2005-07-28",NA,NA,296
"2005-07-29",NA,NA,296
"2005-07-30",NA,NA,296
"2005-07-31",NA,NA,296
"2005-08-01",NA,NA,296
"2005-08-02",6.49414,NA,296
"2005-08-03",NA,NA,296
"2005-08-04",NA,NA,296
"2005-08-05",NA,NA,296
"2005-08-06",NA,NA,296
"2005-08-07",NA,NA,296
"2005-08-08",2.02046,NA,296
"2005-08-09",NA,NA,296
"2005-08-10",NA,NA,296
"2005-08-11",NA,NA,296
"2005-08-12",NA,NA,296
"2005-08-13",NA,NA,296
"2005-08-14",2.41034,NA,296
"2005-08-15",NA,NA,296
"2005-08-16",NA,NA,296
"2005-08-17",NA,NA,296
"2005-08-18",NA,NA,296
"2005-08-19",NA,NA,296
"2005-08-20",2.82138,NA,296
"2005-08-21",NA,NA,296
"2005-08-22",NA,NA,296
"2005-08-23",NA,NA,296
"2005-08-24",NA,NA,296
"2005-08-25",NA,NA,296
"2005-08-26",2.35252,NA,296
"2005-08-27",NA,NA,296
"2005-08-28",NA,NA,296
"2005-08-29",NA,NA,296
"2005-08-30",NA,NA,296
"2005-08-31",NA,NA,296
"2005-09-01",4.95868,NA,296
"2005-09-02",NA,NA,296
"2005-09-03",NA,NA,296
"2005-09-04",NA,NA,296
"2005-09-05",NA,NA,296
"2005-09-06",NA,NA,296
"2005-09-07",9.14014,NA,296
"2005-09-08",NA,NA,296
"2005-09-09",NA,NA,296
"2005-09-10",NA,NA,296
"2005-09-11",NA,NA,296
"2005-09-12",NA,NA,296
"2005-09-13",1.69866,NA,296
"2005-09-14",NA,NA,296
"2005-09-15",NA,NA,296
"2005-09-16",NA,NA,296
"2005-09-17",NA,NA,296
"2005-09-18",NA,NA,296
"2005-09-19",8.92658,NA,296
"2005-09-20",NA,NA,296
"2005-09-21",NA,NA,296
"2005-09-22",NA,NA,296
"2005-09-23",NA,NA,296
"2005-09-24",NA,NA,296
"2005-09-25",NA,NA,296
"2005-09-26",NA,NA,296
"2005-09-27",NA,NA,296
"2005-09-28",NA,NA,296
"2005-09-29",NA,NA,296
"2005-09-30",NA,NA,296
"2005-10-01",5.53039,NA,296
"2005-10-02",NA,NA,296
"2005-10-03",NA,NA,296
"2005-10-04",NA,NA,296
"2005-10-05",NA,NA,296
"2005-10-06",NA,NA,296
"2005-10-07",2.55202,NA,296
"2005-10-08",NA,NA,296
"2005-10-09",NA,NA,296
"2005-10-10",NA,NA,296
"2005-10-11",NA,NA,296
"2005-10-12",NA,NA,296
"2005-10-13",NA,NA,296
"2005-10-14",NA,NA,296
"2005-10-15",NA,NA,296
"2005-10-16",NA,NA,296
"2005-10-17",NA,NA,296
"2005-10-18",NA,NA,296
"2005-10-19",3.62406,NA,296
"2005-10-20",NA,NA,296
"2005-10-21",NA,NA,296
"2005-10-22",NA,NA,296
"2005-10-23",NA,NA,296
"2005-10-24",NA,NA,296
"2005-10-25",1.40068,NA,296
"2005-10-26",NA,NA,296
"2005-10-27",NA,NA,296
"2005-10-28",NA,NA,296
"2005-10-29",NA,NA,296
"2005-10-30",NA,NA,296
"2005-10-31",4.27456,NA,296
"2005-11-01",NA,NA,296
"2005-11-02",NA,NA,296
"2005-11-03",NA,NA,296
"2005-11-04",NA,NA,296
"2005-11-05",NA,NA,296
"2005-11-06",3.94915,NA,296
"2005-11-07",NA,NA,296
"2005-11-08",NA,NA,296
"2005-11-09",NA,NA,296
"2005-11-10",NA,NA,296
"2005-11-11",NA,NA,296
"2005-11-12",2.00045,NA,296
"2005-11-13",NA,NA,296
"2005-11-14",NA,NA,296
"2005-11-15",NA,NA,296
"2005-11-16",NA,NA,296
"2005-11-17",NA,NA,296
"2005-11-18",1.01644,NA,296
"2005-11-19",NA,NA,296
"2005-11-20",NA,NA,296
"2005-11-21",NA,NA,296
"2005-11-22",NA,NA,296
"2005-11-23",NA,NA,296
"2005-11-24",3.71463,NA,296
"2005-11-25",NA,NA,296
"2005-11-26",NA,NA,296
"2005-11-27",NA,NA,296
"2005-11-28",NA,NA,296
"2005-11-29",NA,NA,296
"2005-11-30",1.18953,NA,296
"2005-12-01",NA,NA,296
"2005-12-02",NA,NA,296
"2005-12-03",NA,NA,296
"2005-12-04",NA,NA,296
"2005-12-05",NA,NA,296
"2005-12-06",2.27903,NA,296
"2005-12-07",NA,NA,296
"2005-12-08",NA,NA,296
"2005-12-09",NA,NA,296
"2005-12-10",NA,NA,296
"2005-12-11",NA,NA,296
"2005-12-12",1.75769,NA,296
"2005-12-13",NA,NA,296
"2005-12-14",NA,NA,296
"2005-12-15",NA,NA,296
"2005-12-16",NA,NA,296
"2005-12-17",NA,NA,296
"2005-12-18",2.57659,NA,296
"2005-12-19",NA,NA,296
"2005-12-20",NA,NA,296
"2005-12-21",NA,NA,296
"2005-12-22",NA,NA,296
"2005-12-23",NA,NA,296
"2005-12-24",2.0513,NA,296
"2005-12-25",NA,NA,296
"2005-12-26",NA,NA,296
"2005-12-27",NA,NA,296
"2005-12-28",NA,NA,296
"2005-12-29",NA,NA,296
"2005-12-30",7.64554,NA,296
"2005-12-31",NA,NA,296
"2006-01-01",NA,NA,296
"2006-01-02",NA,NA,296
"2006-01-03",NA,NA,296
"2006-01-04",NA,NA,296
"2006-01-05",1.03043,NA,296
"2006-01-06",NA,NA,296
"2006-01-07",NA,NA,296
"2006-01-08",NA,NA,296
"2006-01-09",NA,NA,296
"2006-01-10",NA,NA,296
"2006-01-11",2.82473,NA,296
"2006-01-12",NA,NA,296
"2006-01-13",NA,NA,296
"2006-01-14",NA,NA,296
"2006-01-15",NA,NA,296
"2006-01-16",NA,NA,296
"2006-01-17",0.76526,NA,296
"2006-01-18",NA,NA,296
"2006-01-19",NA,NA,296
"2006-01-20",NA,NA,296
"2006-01-21",NA,NA,296
"2006-01-22",NA,NA,296
"2006-01-23",NA,NA,296
"2006-01-24",NA,NA,296
"2006-01-25",NA,NA,296
"2006-01-26",NA,NA,296
"2006-01-27",NA,NA,296
"2006-01-28",NA,NA,296
"2006-01-29",NA,NA,296
"2006-01-30",NA,NA,296
"2006-01-31",NA,NA,296
"2006-02-01",NA,NA,296
"2006-02-02",NA,NA,296
"2006-02-03",NA,NA,296
"2006-02-04",0.66817,NA,296
"2006-02-05",NA,NA,296
"2006-02-06",NA,NA,296
"2006-02-07",NA,NA,296
"2006-02-08",NA,NA,296
"2006-02-09",NA,NA,296
"2006-02-10",3.49454,NA,296
"2006-02-11",NA,NA,296
"2006-02-12",NA,NA,296
"2006-02-13",NA,NA,296
"2006-02-14",NA,NA,296
"2006-02-15",NA,NA,296
"2006-02-16",3.0628,NA,296
"2006-02-17",NA,NA,296
"2006-02-18",NA,NA,296
"2006-02-19",NA,NA,296
"2006-02-20",NA,NA,296
"2006-02-21",NA,NA,296
"2006-02-22",NA,NA,296
"2006-02-23",NA,NA,296
"2006-02-24",NA,NA,296
"2006-02-25",NA,NA,296
"2006-02-26",NA,NA,296
"2006-02-27",NA,NA,296
"2006-02-28",2.75538,NA,296
"2006-03-01",NA,NA,296
"2006-03-02",NA,NA,296
"2006-03-03",NA,NA,296
"2006-03-04",NA,NA,296
"2006-03-05",NA,NA,296
"2006-03-06",NA,NA,296
"2006-03-07",NA,NA,296
"2006-03-08",NA,NA,296
"2006-03-09",NA,NA,296
"2006-03-10",NA,NA,296
"2006-03-11",NA,NA,296
"2006-03-12",4.04191,NA,296
"2006-03-13",NA,NA,296
"2006-03-14",NA,NA,296
"2006-03-15",NA,NA,296
"2006-03-16",NA,NA,296
"2006-03-17",NA,NA,296
"2006-03-18",NA,NA,296
"2006-03-19",NA,NA,296
"2006-03-20",NA,NA,296
"2006-03-21",NA,NA,296
"2006-03-22",NA,NA,296
"2006-03-23",NA,NA,296
"2006-03-24",3.5359,NA,296
"2006-03-25",NA,NA,296
"2006-03-26",NA,NA,296
"2006-03-27",NA,NA,296
"2006-03-28",NA,NA,296
"2006-03-29",NA,NA,296
"2006-03-30",5.60298,NA,296
"2006-03-31",NA,NA,296
"2006-04-01",NA,NA,296
"2006-04-02",NA,NA,296
"2006-04-03",NA,NA,296
"2006-04-04",NA,NA,296
"2006-04-05",5.04507,NA,296
"2006-04-06",NA,NA,296
"2006-04-07",NA,NA,296
"2006-04-08",NA,NA,296
"2006-04-09",NA,NA,296
"2006-04-10",NA,NA,296
"2006-04-11",4.5505,NA,296
"2006-04-12",NA,NA,296
"2006-04-13",NA,NA,296
"2006-04-14",NA,NA,296
"2006-04-15",NA,NA,296
"2006-04-16",NA,NA,296
"2006-04-17",3.79703,NA,296
"2006-04-18",NA,NA,296
"2006-04-19",NA,NA,296
"2006-04-20",NA,NA,296
"2006-04-21",NA,NA,296
"2006-04-22",NA,NA,296
"2006-04-23",NA,NA,296
"2006-04-24",NA,NA,296
"2006-04-25",NA,NA,296
"2006-04-26",NA,NA,296
"2006-04-27",NA,NA,296
"2006-04-28",NA,NA,296
"2006-04-29",3.02771,NA,296
"2006-04-30",NA,NA,296
"2006-05-01",NA,NA,296
"2006-05-02",NA,NA,296
"2006-05-03",NA,NA,296
"2006-05-04",NA,NA,296
"2006-05-05",6.08368,NA,296
"2006-05-06",NA,NA,296
"2006-05-07",NA,NA,296
"2006-05-08",NA,NA,296
"2006-05-09",NA,NA,296
"2006-05-10",NA,NA,296
"2006-05-11",1.76947,NA,296
"2006-05-12",NA,NA,296
"2006-05-13",NA,NA,296
"2006-05-14",NA,NA,296
"2006-05-15",NA,NA,296
"2006-05-16",NA,NA,296
"2006-05-17",3.19295,NA,296
"2006-05-18",NA,NA,296
"2006-05-19",NA,NA,296
"2006-05-20",NA,NA,296
"2006-05-21",NA,NA,296
"2006-05-22",NA,NA,296
"2006-05-23",4.14884,NA,296
"2006-05-24",NA,NA,296
"2006-05-25",NA,NA,296
"2006-05-26",NA,NA,296
"2006-05-27",NA,NA,296
"2006-05-28",NA,NA,296
"2006-05-29",5.23672,NA,296
"2006-05-30",NA,NA,296
"2006-05-31",NA,NA,296
"2006-06-01",NA,NA,296
"2006-06-02",NA,NA,296
"2006-06-03",NA,NA,296
"2006-06-04",6.24518,NA,296
"2006-06-05",NA,NA,296
"2006-06-06",NA,NA,296
"2006-06-07",NA,NA,296
"2006-06-08",NA,NA,296
"2006-06-09",NA,NA,296
"2006-06-10",11.75828,NA,296
"2006-06-11",NA,NA,296
"2006-06-12",NA,NA,296
"2006-06-13",NA,NA,296
"2006-06-14",NA,NA,296
"2006-06-15",NA,NA,296
"2006-06-16",2.82613,NA,296
"2006-06-17",NA,NA,296
"2006-06-18",NA,NA,296
"2006-06-19",NA,NA,296
"2006-06-20",NA,NA,296
"2006-06-21",NA,NA,296
"2006-06-22",NA,NA,296
"2006-06-23",NA,NA,296
"2006-06-24",NA,NA,296
"2006-06-25",NA,NA,296
"2006-06-26",NA,NA,296
"2006-06-27",NA,NA,296
"2006-06-28",5.41424,NA,296
"2006-06-29",NA,NA,296
"2006-06-30",NA,NA,296
"2006-07-01",NA,NA,296
"2006-07-02",NA,NA,296
"2006-07-03",NA,NA,296
"2006-07-04",2.27753,NA,296
"2006-07-05",NA,NA,296
"2006-07-06",NA,NA,296
"2006-07-07",NA,NA,296
"2006-07-08",NA,NA,296
"2006-07-09",NA,NA,296
"2006-07-10",1.71893,NA,296
"2006-07-11",NA,NA,296
"2006-07-12",NA,NA,296
"2006-07-13",NA,NA,296
"2006-07-14",NA,NA,296
"2006-07-15",NA,NA,296
"2006-07-16",2.16568,NA,296
"2006-07-17",NA,NA,296
"2006-07-18",NA,NA,296
"2006-07-19",NA,NA,296
"2006-07-20",NA,NA,296
"2006-07-21",NA,NA,296
"2006-07-22",3.21474,NA,296
"2006-07-23",NA,NA,296
"2006-07-24",NA,NA,296
"2006-07-25",NA,NA,296
"2006-07-26",NA,NA,296
"2006-07-27",NA,NA,296
"2006-07-28",3.66858,NA,296
"2006-07-29",NA,NA,296
"2006-07-30",NA,NA,296
"2006-07-31",NA,NA,296
"2006-08-01",NA,NA,296
"2006-08-02",NA,NA,296
"2006-08-03",3.80671,NA,296
"2006-08-04",NA,NA,296
"2006-08-05",NA,NA,296
"2006-08-06",NA,NA,296
"2006-08-07",NA,NA,296
"2006-08-08",NA,NA,296
"2006-08-09",2.11103,NA,296
"2006-08-10",NA,NA,296
"2006-08-11",NA,NA,296
"2006-08-12",NA,NA,296
"2006-08-13",NA,NA,296
"2006-08-14",NA,NA,296
"2006-08-15",3.77771,NA,296
"2006-08-16",NA,NA,296
"2006-08-17",NA,NA,296
"2006-08-18",NA,NA,296
"2006-08-19",NA,NA,296
"2006-08-20",NA,NA,296
"2006-08-21",2.51015,NA,296
"2006-08-22",NA,NA,296
"2006-08-23",NA,NA,296
"2006-08-24",NA,NA,296
"2006-08-25",NA,NA,296
"2006-08-26",NA,NA,296
"2006-08-27",2.15941,NA,296
"2006-08-28",NA,NA,296
"2006-08-29",NA,NA,296
"2006-08-30",NA,NA,296
"2006-08-31",NA,NA,296
"2006-09-01",NA,NA,296
"2006-09-02",5.07078,NA,296
"2006-09-03",NA,NA,296
"2006-09-04",NA,NA,296
"2006-09-05",NA,NA,296
"2006-09-06",NA,NA,296
"2006-09-07",NA,NA,296
"2006-09-08",7.43648,NA,296
"2006-09-09",NA,NA,296
"2006-09-10",NA,NA,296
"2006-09-11",NA,NA,296
"2006-09-12",NA,NA,296
"2006-09-13",NA,NA,296
"2006-09-14",1.5364,NA,296
"2006-09-15",NA,NA,296
"2006-09-16",NA,NA,296
"2006-09-17",NA,NA,296
"2006-09-18",NA,NA,296
"2006-09-19",NA,NA,296
"2006-09-20",NA,NA,296
"2006-09-21",NA,NA,296
"2006-09-22",NA,NA,296
"2006-09-23",NA,NA,296
"2006-09-24",NA,NA,296
"2006-09-25",NA,NA,296
"2006-09-26",3.24406,NA,296
"2006-09-27",2.90611,NA,296
"2006-09-28",NA,NA,296
"2006-09-29",NA,NA,296
"2006-09-30",NA,NA,296
"2006-10-01",NA,NA,296
"2006-10-02",3.95289,NA,296
"2006-10-03",NA,NA,296
"2006-10-04",NA,NA,296
"2006-10-05",NA,NA,296
"2006-10-06",NA,NA,296
"2006-10-07",6.99865,NA,296
"2006-10-08",6.66476,NA,296
"2006-10-09",NA,NA,296
"2006-10-10",NA,NA,296
"2006-10-11",NA,NA,296
"2006-10-12",NA,NA,296
"2006-10-13",NA,NA,296
"2006-10-14",2.03529,NA,296
"2006-10-15",NA,NA,296
"2006-10-16",NA,NA,296
"2006-10-17",NA,NA,296
"2006-10-18",NA,NA,296
"2006-10-19",NA,NA,296
"2006-10-20",1.93953,NA,296
"2006-10-21",NA,NA,296
"2006-10-22",NA,NA,296
"2006-10-23",NA,NA,296
"2006-10-24",NA,NA,296
"2006-10-25",NA,NA,296
"2006-10-26",3.38378,NA,296
"2006-10-27",NA,NA,296
"2006-10-28",NA,NA,296
"2006-10-29",NA,NA,296
"2006-10-30",NA,NA,296
"2006-10-31",NA,NA,296
"2006-11-01",NA,NA,296
"2006-11-02",NA,NA,296
"2006-11-03",NA,NA,296
"2006-11-04",NA,NA,296
"2006-11-05",NA,NA,296
"2006-11-06",NA,NA,296
"2006-11-07",2.29061,NA,296
"2006-11-08",NA,NA,296
"2006-11-09",NA,NA,296
"2006-11-10",NA,NA,296
"2006-11-11",NA,NA,296
"2006-11-12",NA,NA,296
"2006-11-13",3.45872,NA,296
"2006-11-14",NA,NA,296
"2006-11-15",NA,NA,296
"2006-11-16",NA,NA,296
"2006-11-17",NA,NA,296
"2006-11-18",NA,NA,296
"2006-11-19",3.86805,NA,296
"2006-11-20",NA,NA,296
"2006-11-21",NA,NA,296
"2006-11-22",NA,NA,296
"2006-11-23",NA,NA,296
"2006-11-24",NA,NA,296
"2006-11-25",2.64527,NA,296
"2006-11-26",NA,NA,296
"2006-11-27",NA,NA,296
"2006-11-28",NA,NA,296
"2006-11-29",NA,NA,296
"2006-11-30",NA,NA,296
"2006-12-01",NA,NA,296
"2006-12-02",NA,NA,296
"2006-12-03",NA,NA,296
"2006-12-04",NA,NA,296
"2006-12-05",NA,NA,296
"2006-12-06",2.09003,NA,296
"2006-12-07",3.00874,NA,296
"2006-12-08",NA,NA,296
"2006-12-09",NA,NA,296
"2006-12-10",NA,NA,296
"2006-12-11",NA,NA,296
"2006-12-12",NA,NA,296
"2006-12-13",NA,NA,296
"2006-12-14",NA,NA,296
"2006-12-15",1.92607,NA,296
"2006-12-16",NA,NA,296
"2006-12-17",NA,NA,296
"2006-12-18",NA,NA,296
"2006-12-19",NA,NA,296
"2006-12-20",NA,NA,296
"2006-12-21",1.91663,NA,296
"2006-12-22",NA,NA,296
"2006-12-23",NA,NA,296
"2006-12-24",NA,NA,296
"2006-12-25",NA,NA,296
"2006-12-26",NA,NA,296
"2006-12-27",NA,NA,296
"2006-12-28",NA,NA,296
"2006-12-29",NA,NA,296
"2006-12-30",NA,NA,296
"2006-12-31",1.29011,NA,296
"2007-01-01",NA,NA,296
"2007-01-02",NA,NA,296
"2007-01-03",NA,NA,296
"2007-01-04",NA,NA,296
"2007-01-05",NA,NA,296
"2007-01-06",NA,NA,296
"2007-01-07",NA,NA,296
"2007-01-08",NA,NA,296
"2007-01-09",NA,NA,296
"2007-01-10",NA,NA,296
"2007-01-11",NA,NA,296
"2007-01-12",NA,NA,296
"2007-01-13",NA,NA,296
"2007-01-14",NA,NA,296
"2007-01-15",NA,NA,296
"2007-01-16",NA,NA,296
"2007-01-17",NA,NA,296
"2007-01-18",4.0551,NA,296
"2007-01-19",NA,NA,296
"2007-01-20",NA,NA,296
"2007-01-21",NA,NA,296
"2007-01-22",NA,NA,296
"2007-01-23",NA,NA,296
"2007-01-24",NA,NA,296
"2007-01-25",NA,NA,296
"2007-01-26",NA,NA,296
"2007-01-27",NA,NA,296
"2007-01-28",NA,NA,296
"2007-01-29",NA,NA,296
"2007-01-30",3.96778,NA,296
"2007-01-31",3.77853,NA,296
"2007-02-01",NA,NA,296
"2007-02-02",NA,NA,296
"2007-02-03",NA,NA,296
"2007-02-04",NA,NA,296
"2007-02-05",2.40354,NA,296
"2007-02-06",NA,NA,296
"2007-02-07",NA,NA,296
"2007-02-08",NA,NA,296
"2007-02-09",NA,NA,296
"2007-02-10",NA,NA,296
"2007-02-11",5.37862,NA,296
"2007-02-12",NA,NA,296
"2007-02-13",NA,NA,296
"2007-02-14",NA,NA,296
"2007-02-15",NA,NA,296
"2007-02-16",NA,NA,296
"2007-02-17",1.9686,NA,296
"2007-02-18",NA,NA,296
"2007-02-19",NA,NA,296
"2007-02-20",NA,NA,296
"2007-02-21",NA,NA,296
"2007-02-22",NA,NA,296
"2007-02-23",2.8963,NA,296
"2007-02-24",NA,NA,296
"2007-02-25",NA,NA,296
"2007-02-26",NA,NA,296
"2007-02-27",NA,NA,296
"2007-02-28",NA,NA,296
"2007-03-01",4.70158,NA,296
"2007-03-02",NA,NA,296
"2007-03-03",NA,NA,296
"2007-03-04",NA,NA,296
"2007-03-05",NA,NA,296
"2007-03-06",NA,NA,296
"2007-03-07",NA,NA,296
"2007-03-08",NA,NA,296
"2007-03-09",NA,NA,296
"2007-03-10",NA,NA,296
"2007-03-11",NA,NA,296
"2007-03-12",NA,NA,296
"2007-03-13",1.26727,NA,296
"2007-03-14",4.39171,NA,296
"2007-03-15",NA,NA,296
"2007-03-16",NA,NA,296
"2007-03-17",NA,NA,296
"2007-03-18",NA,NA,296
"2007-03-19",2.02554,NA,296
"2007-03-20",NA,NA,296
"2007-03-21",NA,NA,296
"2007-03-22",NA,NA,296
"2007-03-23",NA,NA,296
"2007-03-24",NA,NA,296
"2007-03-25",2.2253,NA,296
"2007-03-26",NA,NA,296
"2007-03-27",NA,NA,296
"2007-03-28",NA,NA,296
"2007-03-29",NA,NA,296
"2007-03-30",NA,NA,296
"2007-03-31",2.42399,NA,296
"2007-04-01",NA,NA,296
"2007-04-02",NA,NA,296
"2007-04-03",NA,NA,296
"2007-04-04",NA,NA,296
"2007-04-05",NA,NA,296
"2007-04-06",2.68472,NA,296
"2007-04-07",NA,NA,296
"2007-04-08",NA,NA,296
"2007-04-09",NA,NA,296
"2007-04-10",NA,NA,296
"2007-04-11",NA,NA,296
"2007-04-12",4.79765,NA,296
"2007-04-13",NA,NA,296
"2007-04-14",NA,NA,296
"2007-04-15",NA,NA,296
"2007-04-16",NA,NA,296
"2007-04-17",NA,NA,296
"2007-04-18",3.2889,NA,296
"2007-04-19",NA,NA,296
"2007-04-20",NA,NA,296
"2007-04-21",NA,NA,296
"2007-04-22",NA,NA,296
"2007-04-23",NA,NA,296
"2007-04-24",7.74718,NA,296
"2007-04-25",NA,NA,296
"2007-04-26",NA,NA,296
"2007-04-27",NA,NA,296
"2007-04-28",NA,NA,296
"2007-04-29",NA,NA,296
"2007-04-30",4.01855,NA,296
"2007-05-01",NA,NA,296
"2007-05-02",NA,NA,296
"2007-05-03",NA,NA,296
"2007-05-04",NA,NA,296
"2007-05-05",NA,NA,296
"2007-05-06",2.80992,NA,296
"2007-05-07",NA,NA,296
"2007-05-08",NA,NA,296
"2007-05-09",NA,NA,296
"2007-05-10",NA,NA,296
"2007-05-11",NA,NA,296
"2007-05-12",3.10959,NA,296
"2007-05-13",NA,NA,296
"2007-05-14",NA,NA,296
"2007-05-15",NA,NA,296
"2007-05-16",NA,NA,296
"2007-05-17",NA,NA,296
"2007-05-18",3.54988,NA,296
"2007-05-19",NA,NA,296
"2007-05-20",NA,NA,296
"2007-05-21",NA,NA,296
"2007-05-22",NA,NA,296
"2007-05-23",NA,NA,296
"2007-05-24",3.55542,NA,296
"2007-05-25",NA,NA,296
"2007-05-26",NA,NA,296
"2007-05-27",NA,NA,296
"2007-05-28",NA,NA,296
"2007-05-29",NA,NA,296
"2007-05-30",2.05385,NA,296
"2007-05-31",NA,NA,296
"2007-06-01",NA,NA,296
"2007-06-02",NA,NA,296
"2007-06-03",NA,NA,296
"2007-06-04",NA,NA,296
"2007-06-05",1.93123,NA,296
"2007-06-06",NA,NA,296
"2007-06-07",NA,NA,296
"2007-06-08",NA,NA,296
"2007-06-09",NA,NA,296
"2007-06-10",NA,NA,296
"2007-06-11",2.40474,NA,296
"2007-06-12",NA,NA,296
"2007-06-13",NA,NA,296
"2007-06-14",NA,NA,296
"2007-06-15",NA,NA,296
"2007-06-16",NA,NA,296
"2007-06-17",2.75701,NA,296
"2007-06-18",NA,NA,296
"2007-06-19",NA,NA,296
"2007-06-20",NA,NA,296
"2007-06-21",NA,NA,296
"2007-06-22",NA,NA,296
"2007-06-23",1.52995,NA,296
"2007-06-24",NA,NA,296
"2007-06-25",NA,NA,296
"2007-06-26",NA,NA,296
"2007-06-27",NA,NA,296
"2007-06-28",NA,NA,296
"2007-06-29",4.0524,NA,296
"2007-06-30",NA,NA,296
"2007-07-01",NA,NA,296
"2007-07-02",NA,NA,296
"2007-07-03",NA,NA,296
"2007-07-04",NA,NA,296
"2007-07-05",1.9065,NA,296
"2007-07-06",NA,NA,296
"2007-07-07",NA,NA,296
"2007-07-08",NA,NA,296
"2007-07-09",NA,NA,296
"2007-07-10",NA,NA,296
"2007-07-11",3.22486,NA,296
"2007-07-12",NA,NA,296
"2007-07-13",NA,NA,296
"2007-07-14",NA,NA,296
"2007-07-15",NA,NA,296
"2007-07-16",NA,NA,296
"2007-07-17",0.83377,NA,296
"2007-07-18",NA,NA,296
"2007-07-19",NA,NA,296
"2007-07-20",NA,NA,296
"2007-07-21",NA,NA,296
"2007-07-22",NA,NA,296
"2007-07-23",2.89643,NA,296
"2007-07-24",NA,NA,296
"2007-07-25",NA,NA,296
"2007-07-26",NA,NA,296
"2007-07-27",NA,NA,296
"2007-07-28",NA,NA,296
"2007-07-29",3.20856,NA,296
"2007-07-30",NA,NA,296
"2007-07-31",NA,NA,296
"2007-08-01",NA,NA,296
"2007-08-02",NA,NA,296
"2007-08-03",NA,NA,296
"2007-08-04",NA,NA,296
"2007-08-05",NA,NA,296
"2007-08-06",NA,NA,296
"2007-08-07",NA,NA,296
"2007-08-08",NA,NA,296
"2007-08-09",NA,NA,296
"2007-08-10",3.45614,NA,296
"2007-08-11",NA,NA,296
"2007-08-12",NA,NA,296
"2007-08-13",NA,NA,296
"2007-08-14",NA,NA,296
"2007-08-15",NA,NA,296
"2007-08-16",0.67075,NA,296
"2007-08-17",NA,NA,296
"2007-08-18",NA,NA,296
"2007-08-19",NA,NA,296
"2007-08-20",NA,NA,296
"2007-08-21",NA,NA,296
"2007-08-22",2.27979,NA,296
"2007-08-23",NA,NA,296
"2007-08-24",NA,NA,296
"2007-08-25",NA,NA,296
"2007-08-26",NA,NA,296
"2007-08-27",NA,NA,296
"2007-08-28",2.09714,NA,296
"2007-08-29",NA,NA,296
"2007-08-30",NA,NA,296
"2007-08-31",NA,NA,296
"2007-09-01",NA,NA,296
"2007-09-02",NA,NA,296
"2007-09-03",1.30565,NA,296
"2007-09-04",NA,NA,296
"2007-09-05",NA,NA,296
"2007-09-06",NA,NA,296
"2007-09-07",NA,NA,296
"2007-09-08",NA,NA,296
"2007-09-09",1.92405,NA,296
"2007-09-10",NA,NA,296
"2007-09-11",NA,NA,296
"2007-09-12",NA,NA,296
"2007-09-13",NA,NA,296
"2007-09-14",NA,NA,296
"2007-09-15",4.10689,NA,296
"2007-09-16",NA,NA,296
"2007-09-17",NA,NA,296
"2007-09-18",NA,NA,296
"2007-09-19",NA,NA,296
"2007-09-20",NA,NA,296
"2007-09-21",5.75851,NA,296
"2007-09-22",NA,NA,296
"2007-09-23",NA,NA,296
"2007-09-24",NA,NA,296
"2007-09-25",NA,NA,296
"2007-09-26",NA,NA,296
"2007-09-27",1.15974,NA,296
"2007-09-28",NA,NA,296
"2007-09-29",NA,NA,296
"2007-09-30",NA,NA,296
"2007-10-01",NA,NA,296
"2007-10-02",NA,NA,296
"2007-10-03",3.57096,NA,296
"2007-10-04",NA,NA,296
"2007-10-05",NA,NA,296
"2007-10-06",NA,NA,296
"2007-10-07",NA,NA,296
"2007-10-08",NA,NA,296
"2007-10-09",3.01119,NA,296
"2007-10-10",NA,NA,296
"2007-10-11",NA,NA,296
"2007-10-12",NA,NA,296
"2007-10-13",NA,NA,296
"2007-10-14",NA,NA,296
"2007-10-15",2.67843,NA,296
"2007-10-16",NA,NA,296
"2007-10-17",NA,NA,296
"2007-10-18",NA,NA,296
"2007-10-19",NA,NA,296
"2007-10-20",NA,NA,296
"2007-10-21",1.65326,NA,296
"2007-10-22",NA,NA,296
"2007-10-23",NA,NA,296
"2007-10-24",NA,NA,296
"2007-10-25",NA,NA,296
"2007-10-26",NA,NA,296
"2007-10-27",2.7728,NA,296
"2007-10-28",NA,NA,296
"2007-10-29",NA,NA,296
"2007-10-30",NA,NA,296
"2007-10-31",NA,NA,296
"2007-11-01",NA,NA,296
"2007-11-02",4.34005,NA,296
"2007-11-03",NA,NA,296
"2007-11-04",NA,NA,296
"2007-11-05",NA,NA,296
"2007-11-06",NA,NA,296
"2007-11-07",NA,NA,296
"2007-11-08",3.92506,NA,296
"2007-11-09",NA,NA,296
"2007-11-10",NA,NA,296
"2007-11-11",NA,NA,296
"2007-11-12",NA,NA,296
"2007-11-13",NA,NA,296
"2007-11-14",2.97193,NA,296
"2007-11-15",NA,NA,296
"2007-11-16",NA,NA,296
"2007-11-17",NA,NA,296
"2007-11-18",NA,NA,296
"2007-11-19",NA,NA,296
"2007-11-20",2.37661,NA,296
"2007-11-21",NA,NA,296
"2007-11-22",NA,NA,296
"2007-11-23",NA,NA,296
"2007-11-24",NA,NA,296
"2007-11-25",NA,NA,296
"2007-11-26",1.56216,NA,296
"2007-11-27",NA,NA,296
"2007-11-28",NA,NA,296
"2007-11-29",NA,NA,296
"2007-11-30",NA,NA,296
"2007-12-01",NA,NA,296
"2007-12-02",3.19088,NA,296
"2007-12-03",NA,NA,296
"2007-12-04",NA,NA,296
"2007-12-05",NA,NA,296
"2007-12-06",NA,NA,296
"2007-12-07",NA,NA,296
"2007-12-08",5.46752,NA,296
"2007-12-09",NA,NA,296
"2007-12-10",NA,NA,296
"2007-12-11",NA,NA,296
"2007-12-12",NA,NA,296
"2007-12-13",NA,NA,296
"2007-12-14",2.63703,NA,296
"2007-12-15",NA,NA,296
"2007-12-16",NA,NA,296
"2007-12-17",NA,NA,296
"2007-12-18",NA,NA,296
"2007-12-19",NA,NA,296
"2007-12-20",3.67955,NA,296
"2007-12-21",NA,NA,296
"2007-12-22",NA,NA,296
"2007-12-23",NA,NA,296
"2007-12-24",NA,NA,296
"2007-12-25",NA,NA,296
"2007-12-26",1.89555,NA,296
"2007-12-27",NA,NA,296
"2007-12-28",NA,NA,296
"2007-12-29",NA,NA,296
"2007-12-30",NA,NA,296
"2007-12-31",NA,NA,296
"2008-01-01",0.38612,NA,296
"2008-01-02",NA,NA,296
"2008-01-03",NA,NA,296
"2008-01-04",NA,NA,296
"2008-01-05",NA,NA,296
"2008-01-06",NA,NA,296
"2008-01-07",1.88643,NA,296
"2008-01-08",NA,NA,296
"2008-01-09",NA,NA,296
"2008-01-10",NA,NA,296
"2008-01-11",NA,NA,296
"2008-01-12",NA,NA,296
"2008-01-13",1.34321,NA,296
"2008-01-14",NA,NA,296
"2008-01-15",NA,NA,296
"2008-01-16",NA,NA,296
"2008-01-17",NA,NA,296
"2008-01-18",NA,NA,296
"2008-01-19",1.46105,NA,296
"2008-01-20",NA,NA,296
"2008-01-21",NA,NA,296
"2008-01-22",NA,NA,296
"2008-01-23",NA,NA,296
"2008-01-24",NA,NA,296
"2008-01-25",2.71284,NA,296
"2008-01-26",NA,NA,296
"2008-01-27",NA,NA,296
"2008-01-28",NA,NA,296
"2008-01-29",NA,NA,296
"2008-01-30",NA,NA,296
"2008-01-31",NA,NA,296
"2008-02-01",NA,NA,296
"2008-02-02",NA,NA,296
"2008-02-03",NA,NA,296
"2008-02-04",NA,NA,296
"2008-02-05",NA,NA,296
"2008-02-06",1.3714,NA,296
"2008-02-07",NA,NA,296
"2008-02-08",NA,NA,296
"2008-02-09",NA,NA,296
"2008-02-10",NA,NA,296
"2008-02-11",NA,NA,296
"2008-02-12",1.94633,NA,296
"2008-02-13",NA,NA,296
"2008-02-14",NA,NA,296
"2008-02-15",NA,NA,296
"2008-02-16",NA,NA,296
"2008-02-17",NA,NA,296
"2008-02-18",1.19554,NA,296
"2008-02-19",NA,NA,296
"2008-02-20",NA,NA,296
"2008-02-21",NA,NA,296
"2008-02-22",NA,NA,296
"2008-02-23",NA,NA,296
"2008-02-24",5.85773,NA,296
"2008-02-25",NA,NA,296
"2008-02-26",NA,NA,296
"2008-02-27",NA,NA,296
"2008-02-28",NA,NA,296
"2008-02-29",NA,NA,296
"2008-03-01",1.35573,NA,296
"2008-03-02",NA,NA,296
"2008-03-03",NA,NA,296
"2008-03-04",NA,NA,296
"2008-03-05",NA,NA,296
"2008-03-06",NA,NA,296
"2008-03-07",1.35428,NA,296
"2008-03-08",NA,NA,296
"2008-03-09",NA,NA,296
"2008-03-10",NA,NA,296
"2008-03-11",NA,NA,296
"2008-03-12",NA,NA,296
"2008-03-13",2.80231,NA,296
"2008-03-14",NA,NA,296
"2008-03-15",NA,NA,296
"2008-03-16",NA,NA,296
"2008-03-17",NA,NA,296
"2008-03-18",NA,NA,296
"2008-03-19",1.62375,NA,296
"2008-03-20",NA,NA,296
"2008-03-21",NA,NA,296
"2008-03-22",NA,NA,296
"2008-03-23",NA,NA,296
"2008-03-24",NA,NA,296
"2008-03-25",2.97124,NA,296
"2008-03-26",NA,NA,296
"2008-03-27",NA,NA,296
"2008-03-28",NA,NA,296
"2008-03-29",NA,NA,296
"2008-03-30",NA,NA,296
"2008-03-31",4.20202,NA,296
"2008-04-01",NA,NA,296
"2008-04-02",NA,NA,296
"2008-04-03",NA,NA,296
"2008-04-04",NA,NA,296
"2008-04-05",NA,NA,296
"2008-04-06",2.98578,NA,296
"2008-04-07",NA,NA,296
"2008-04-08",NA,NA,296
"2008-04-09",NA,NA,296
"2008-04-10",NA,NA,296
"2008-04-11",NA,NA,296
"2008-04-12",NA,NA,296
"2008-04-13",NA,NA,296
"2008-04-14",NA,NA,296
"2008-04-15",NA,NA,296
"2008-04-16",NA,NA,296
"2008-04-17",NA,NA,296
"2008-04-18",2.49308,NA,296
"2008-04-19",NA,NA,296
"2008-04-20",NA,NA,296
"2008-04-21",NA,NA,296
"2008-04-22",NA,NA,296
"2008-04-23",NA,NA,296
"2008-04-24",5.0071,NA,296
"2008-04-25",NA,NA,296
"2008-04-26",NA,NA,296
"2008-04-27",NA,NA,296
"2008-04-28",NA,NA,296
"2008-04-29",NA,NA,296
"2008-04-30",2.44563,NA,296
"2008-05-01",NA,NA,296
"2008-05-02",NA,NA,296
"2008-05-03",NA,NA,296
"2008-05-04",NA,NA,296
"2008-05-05",NA,NA,296
"2008-05-06",4.35233,NA,296
"2008-05-07",NA,NA,296
"2008-05-08",NA,NA,296
"2008-05-09",NA,NA,296
"2008-05-10",NA,NA,296
"2008-05-11",NA,NA,296
"2008-05-12",2.49678,NA,296
"2008-05-13",NA,NA,296
"2008-05-14",NA,NA,296
"2008-05-15",NA,NA,296
"2008-05-16",NA,NA,296
"2008-05-17",NA,NA,296
"2008-05-18",4.01534,NA,296
"2008-05-19",NA,NA,296
"2008-05-20",NA,NA,296
"2008-05-21",NA,NA,296
"2008-05-22",NA,NA,296
"2008-05-23",NA,NA,296
"2008-05-24",NA,NA,296
"2008-05-25",NA,NA,296
"2008-05-26",NA,NA,296
"2008-05-27",NA,NA,296
"2008-05-28",NA,NA,296
"2008-05-29",NA,NA,296
"2008-05-30",NA,NA,296
"2008-05-31",NA,NA,296
"2008-06-01",NA,NA,296
"2008-06-02",NA,NA,296
"2008-06-03",NA,NA,296
"2008-06-04",NA,NA,296
"2008-06-05",NA,NA,296
"2008-06-06",1.87781,NA,296
"2008-06-07",1.68579,NA,296
"2008-06-08",NA,NA,296
"2008-06-09",NA,NA,296
"2008-06-10",NA,NA,296
"2008-06-11",1.68535,NA,296
"2008-06-12",NA,NA,296
"2008-06-13",NA,NA,296
"2008-06-14",NA,NA,296
"2008-06-15",NA,NA,296
"2008-06-16",NA,NA,296
"2008-06-17",2.39404,NA,296
"2008-06-18",NA,NA,296
"2008-06-19",NA,NA,296
"2008-06-20",NA,NA,296
"2008-06-21",NA,NA,296
"2008-06-22",NA,NA,296
"2008-06-23",2.0458,NA,296
"2008-06-24",NA,NA,296
"2008-06-25",NA,NA,296
"2008-06-26",NA,NA,296
"2008-06-27",NA,NA,296
"2008-06-28",NA,NA,296
"2008-06-29",3.00421,NA,296
"2008-06-30",NA,NA,296
"2008-07-01",NA,NA,296
"2008-07-02",NA,NA,296
"2008-07-03",NA,NA,296
"2008-07-04",NA,NA,296
"2008-07-05",1.71781,NA,296
"2008-07-06",NA,NA,296
"2008-07-07",NA,NA,296
"2008-07-08",NA,NA,296
"2008-07-09",NA,NA,296
"2008-07-10",NA,NA,296
"2008-07-11",2.79048,NA,296
"2008-07-12",NA,NA,296
"2008-07-13",NA,NA,296
"2008-07-14",NA,NA,296
"2008-07-15",NA,NA,296
"2008-07-16",NA,NA,296
"2008-07-17",2.63363,NA,296
"2008-07-18",NA,NA,296
"2008-07-19",NA,NA,296
"2008-07-20",NA,NA,296
"2008-07-21",NA,NA,296
"2008-07-22",NA,NA,296
"2008-07-23",NA,NA,296
"2008-07-24",NA,NA,296
"2008-07-25",NA,NA,296
"2008-07-26",NA,NA,296
"2008-07-27",NA,NA,296
"2008-07-28",NA,NA,296
"2008-07-29",2.33937,NA,296
"2008-07-30",NA,NA,296
"2008-07-31",NA,NA,296
"2008-08-01",NA,NA,296
"2008-08-02",NA,NA,296
"2008-08-03",NA,NA,296
"2008-08-04",4.89404,NA,296
"2008-08-05",NA,NA,296
"2008-08-06",NA,NA,296
"2008-08-07",NA,NA,296
"2008-08-08",NA,NA,296
"2008-08-09",NA,NA,296
"2008-08-10",4.842,NA,296
"2008-08-11",NA,NA,296
"2008-08-12",NA,NA,296
"2008-08-13",NA,NA,296
"2008-08-14",NA,NA,296
"2008-08-15",NA,NA,296
"2008-08-16",3.8739,NA,296
"2008-08-17",NA,NA,296
"2008-08-18",NA,NA,296
"2008-08-19",NA,NA,296
"2008-08-20",NA,NA,296
"2008-08-21",NA,NA,296
"2008-08-22",NA,NA,296
"2008-08-23",NA,NA,296
"2008-08-24",NA,NA,296
"2008-08-25",NA,NA,296
"2008-08-26",NA,NA,296
"2008-08-27",NA,NA,296
"2008-08-28",2.28356,NA,296
"2008-08-29",2.71083,NA,296
"2008-08-30",NA,NA,296
"2008-08-31",NA,NA,296
"2008-09-01",NA,NA,296
"2008-09-02",NA,NA,296
"2008-09-03",6.28795,NA,296
"2008-09-04",NA,NA,296
"2008-09-05",NA,NA,296
"2008-09-06",NA,NA,296
"2008-09-07",NA,NA,296
"2008-09-08",NA,NA,296
"2008-09-09",2.20133,NA,296
"2008-09-10",NA,NA,296
"2008-09-11",NA,NA,296
"2008-09-12",NA,NA,296
"2008-09-13",NA,NA,296
"2008-09-14",NA,NA,296
"2008-09-15",NA,NA,296
"2008-09-16",1.46149,NA,296
"2008-09-17",NA,NA,296
"2008-09-18",NA,NA,296
"2008-09-19",NA,NA,296
"2008-09-20",NA,NA,296
"2008-09-21",5.12614,NA,296
"2008-09-22",NA,NA,296
"2008-09-23",NA,NA,296
"2008-09-24",NA,NA,296
"2008-09-25",NA,NA,296
"2008-09-26",NA,NA,296
"2008-09-27",9.6333,NA,296
"2008-09-28",NA,NA,296
"2008-09-29",NA,NA,296
"2008-09-30",NA,NA,296
"2008-10-01",NA,NA,296
"2008-10-02",NA,NA,296
"2008-10-03",2.62923,NA,296
"2008-10-04",NA,NA,296
"2008-10-05",NA,NA,296
"2008-10-06",NA,NA,296
"2008-10-07",NA,NA,296
"2008-10-08",NA,NA,296
"2008-10-09",1.72964,NA,296
"2008-10-10",NA,NA,296
"2008-10-11",NA,NA,296
"2008-10-12",NA,NA,296
"2008-10-13",NA,NA,296
"2008-10-14",NA,NA,296
"2008-10-15",1.10224,NA,296
"2008-10-16",NA,NA,296
"2008-10-17",NA,NA,296
"2008-10-18",NA,NA,296
"2008-10-19",NA,NA,296
"2008-10-20",NA,NA,296
"2008-10-21",4.67112,NA,296
"2008-10-22",NA,NA,296
"2008-10-23",NA,NA,296
"2008-10-24",NA,NA,296
"2008-10-25",NA,NA,296
"2008-10-26",NA,NA,296
"2008-10-27",1.53227,NA,296
"2008-10-28",NA,NA,296
"2008-10-29",NA,NA,296
"2008-10-30",NA,NA,296
"2008-10-31",NA,NA,296
"2008-11-01",NA,NA,296
"2008-11-02",2.40398,NA,296
"2008-11-03",NA,NA,296
"2008-11-04",NA,NA,296
"2008-11-05",NA,NA,296
"2008-11-06",NA,NA,296
"2008-11-07",NA,NA,296
"2008-11-08",1.85491,NA,296
"2008-11-09",NA,NA,296
"2008-11-10",NA,NA,296
"2008-11-11",NA,NA,296
"2008-11-12",NA,NA,296
"2008-11-13",NA,NA,296
"2008-11-14",0.99962,NA,296
"2008-11-15",NA,NA,296
"2008-11-16",NA,NA,296
"2008-11-17",NA,NA,296
"2008-11-18",NA,NA,296
"2008-11-19",NA,NA,296
"2008-11-20",2.30797,NA,296
"2008-11-21",NA,NA,296
"2008-11-22",NA,NA,296
"2008-11-23",NA,NA,296
"2008-11-24",NA,NA,296
"2008-11-25",NA,NA,296
"2008-11-26",2.58336,NA,296
"2008-11-27",NA,NA,296
"2008-11-28",NA,NA,296
"2008-11-29",NA,NA,296
"2008-11-30",NA,NA,296
"2008-12-01",NA,NA,296
"2008-12-02",0.71901,NA,296
"2008-12-03",NA,NA,296
"2008-12-04",NA,NA,296
"2008-12-05",NA,NA,296
"2008-12-06",NA,NA,296
"2008-12-07",NA,NA,296
"2008-12-08",NA,NA,296
"2008-12-09",NA,NA,296
"2008-12-10",NA,NA,296
"2008-12-11",NA,NA,296
"2008-12-12",NA,NA,296
"2008-12-13",NA,NA,296
"2008-12-14",NA,NA,296
"2008-12-15",NA,NA,296
"2008-12-16",NA,NA,296
"2008-12-17",NA,NA,296
"2008-12-18",4.1179,NA,296
"2008-12-19",NA,NA,296
"2008-12-20",NA,NA,296
"2008-12-21",NA,NA,296
"2008-12-22",NA,NA,296
"2008-12-23",NA,NA,296
"2008-12-24",NA,NA,296
"2008-12-25",NA,NA,296
"2008-12-26",3.01094,NA,296
"2008-12-27",NA,NA,296
"2008-12-28",NA,NA,296
"2008-12-29",NA,NA,296
"2008-12-30",NA,NA,296
"2008-12-31",NA,NA,296
"2009-01-01",2.51849,NA,296
"2009-01-02",NA,NA,296
"2009-01-03",NA,NA,296
"2009-01-04",NA,NA,296
"2009-01-05",NA,NA,296
"2009-01-06",NA,NA,296
"2009-01-07",1.1106,NA,296
"2009-01-08",NA,NA,296
"2009-01-09",NA,NA,296
"2009-01-10",NA,NA,296
"2009-01-11",NA,NA,296
"2009-01-12",NA,NA,296
"2009-01-13",1.04536,NA,296
"2009-01-14",NA,NA,296
"2009-01-15",NA,NA,296
"2009-01-16",NA,NA,296
"2009-01-17",NA,NA,296
"2009-01-18",NA,NA,296
"2009-01-19",0.65547,NA,296
"2009-01-20",NA,NA,296
"2009-01-21",NA,NA,296
"2009-01-22",NA,NA,296
"2009-01-23",NA,NA,296
"2009-01-24",NA,NA,296
"2009-01-25",5.63255,NA,296
"2009-01-26",NA,NA,296
"2009-01-27",NA,NA,296
"2009-01-28",NA,NA,296
"2009-01-29",NA,NA,296
"2009-01-30",NA,NA,296
"2009-01-31",0.99276,NA,296
"2009-02-01",NA,NA,296
"2009-02-02",NA,NA,296
"2009-02-03",NA,NA,296
"2009-02-04",NA,NA,296
"2009-02-05",NA,NA,296
"2009-02-06",2.05045,NA,296
"2009-02-07",NA,NA,296
"2009-02-08",NA,NA,296
"2009-02-09",NA,NA,296
"2009-02-10",NA,NA,296
"2009-02-11",NA,NA,296
"2009-02-12",1.03857,NA,296
"2009-02-13",NA,NA,296
"2009-02-14",NA,NA,296
"2009-02-15",NA,NA,296
"2009-02-16",NA,NA,296
"2009-02-17",NA,NA,296
"2009-02-18",5.24668,NA,296
"2009-02-19",NA,NA,296
"2009-02-20",NA,NA,296
"2009-02-21",NA,NA,296
"2009-02-22",NA,NA,296
"2009-02-23",NA,NA,296
"2009-02-24",1.77847,NA,296
"2009-02-25",NA,NA,296
"2009-02-26",NA,NA,296
"2009-02-27",NA,NA,296
"2009-02-28",NA,NA,296
"2009-03-01",NA,NA,296
"2009-03-02",0.98119,NA,296
"2009-03-03",NA,NA,296
"2009-03-04",NA,NA,296
"2009-03-05",NA,NA,296
"2009-03-06",NA,NA,296
"2009-03-07",NA,NA,296
"2009-03-08",2.73109,NA,296
"2009-03-09",NA,NA,296
"2009-03-10",NA,NA,296
"2009-03-11",NA,NA,296
"2009-03-12",NA,NA,296
"2009-03-13",NA,NA,296
"2009-03-14",0.48848,NA,296
"2009-03-15",NA,NA,296
"2009-03-16",NA,NA,296
"2009-03-17",NA,NA,296
"2009-03-18",NA,NA,296
"2009-03-19",NA,NA,296
"2009-03-20",3.88397,NA,296
"2009-03-21",NA,NA,296
"2009-03-22",NA,NA,296
"2009-03-23",NA,NA,296
"2009-03-24",NA,NA,296
"2009-03-25",NA,NA,296
"2009-03-26",5.7178,NA,296
"2009-03-27",NA,NA,296
"2009-03-28",NA,NA,296
"2009-03-29",NA,NA,296
"2009-03-30",NA,NA,296
"2009-03-31",NA,NA,296
"2009-04-01",2.98647,NA,296
"2009-04-02",NA,NA,296
"2009-04-03",NA,NA,296
"2009-04-04",NA,NA,296
"2009-04-05",NA,NA,296
"2009-04-06",NA,NA,296
"2009-04-07",1.83905,NA,296
"2009-04-08",NA,NA,296
"2009-04-09",NA,NA,296
"2009-04-10",NA,NA,296
"2009-04-11",NA,NA,296
"2009-04-12",NA,NA,296
"2009-04-13",1.48691,NA,296
"2009-04-14",NA,NA,296
"2009-04-15",NA,NA,296
"2009-04-16",NA,NA,296
"2009-04-17",NA,NA,296
"2009-04-18",NA,NA,296
"2009-04-19",2.20259,NA,296
"2009-04-20",NA,NA,296
"2009-04-21",NA,NA,296
"2009-04-22",NA,NA,296
"2009-04-23",NA,NA,296
"2009-04-24",NA,NA,296
"2009-04-25",4.32225,NA,296
"2009-04-26",NA,NA,296
"2009-04-27",NA,NA,296
"2009-04-28",NA,NA,296
"2009-04-29",NA,NA,296
"2009-04-30",NA,NA,296
"2009-05-01",4.0329,NA,296
"2009-05-02",NA,NA,296
"2009-05-03",NA,NA,296
"2009-05-04",NA,NA,296
"2009-05-05",NA,NA,296
"2009-05-06",NA,NA,296
"2009-05-07",8.46022,NA,296
"2009-05-08",NA,NA,296
"2009-05-09",NA,NA,296
"2009-05-10",NA,NA,296
"2009-05-11",NA,NA,296
"2009-05-12",NA,NA,296
"2009-05-13",4.24272,NA,296
"2009-05-14",NA,NA,296
"2009-05-15",NA,NA,296
"2009-05-16",NA,NA,296
"2009-05-17",NA,NA,296
"2009-05-18",NA,NA,296
"2009-05-19",2.57556,NA,296
"2009-05-20",NA,NA,296
"2009-05-21",NA,NA,296
"2009-05-22",NA,NA,296
"2009-05-23",NA,NA,296
"2009-05-24",NA,NA,296
"2009-05-25",2.85711,NA,296
"2009-05-26",NA,NA,296
"2009-05-27",NA,NA,296
"2009-05-28",NA,NA,296
"2009-05-29",NA,NA,296
"2009-05-30",NA,NA,296
"2009-05-31",4.17949,NA,296
"2009-06-01",NA,NA,296
"2009-06-02",NA,NA,296
"2009-06-03",NA,NA,296
"2009-06-04",NA,NA,296
"2009-06-05",NA,NA,296
"2009-06-06",3.43726,NA,296
"2009-06-07",NA,NA,296
"2009-06-08",NA,NA,296
"2009-06-09",NA,NA,296
"2009-06-10",NA,NA,296
"2009-06-11",NA,NA,296
"2009-06-12",6.44871,NA,296
"2009-06-13",NA,NA,296
"2009-06-14",NA,NA,296
"2009-06-15",NA,NA,296
"2009-06-16",NA,NA,296
"2009-06-17",NA,NA,296
"2009-06-18",1.93066,NA,296
"2009-06-19",NA,NA,296
"2009-06-20",NA,NA,296
"2009-06-21",NA,NA,296
"2009-06-22",NA,NA,296
"2009-06-23",NA,NA,296
"2009-06-24",4.17836,NA,296
"2009-06-25",NA,NA,296
"2009-06-26",NA,NA,296
"2009-06-27",NA,NA,296
"2009-06-28",NA,NA,296
"2009-06-29",NA,NA,296
"2009-06-30",1.46665,NA,296
"2009-07-01",NA,NA,296
"2009-07-02",NA,NA,296
"2009-07-03",NA,NA,296
"2009-07-04",NA,NA,296
"2009-07-05",NA,NA,296
"2009-07-06",4.35289,NA,296
"2009-07-07",NA,NA,296
"2009-07-08",NA,NA,296
"2009-07-09",NA,NA,296
"2009-07-10",NA,NA,296
"2009-07-11",NA,NA,296
"2009-07-12",2.89272,NA,296
"2009-07-13",NA,NA,296
"2009-07-14",NA,NA,296
"2009-07-15",NA,NA,296
"2009-07-16",NA,NA,296
"2009-07-17",NA,NA,296
"2009-07-18",NA,NA,296
"2009-07-19",NA,NA,296
"2009-07-20",NA,NA,296
"2009-07-21",NA,NA,296
"2009-07-22",NA,NA,296
"2009-07-23",NA,NA,296
"2009-07-24",NA,NA,296
"2009-07-25",NA,NA,296
"2009-07-26",NA,NA,296
"2009-07-27",NA,NA,296
"2009-07-28",NA,NA,296
"2009-07-29",NA,NA,296
"2009-07-30",NA,NA,296
"2009-07-31",NA,NA,296
"2009-08-01",NA,NA,296
"2009-08-02",NA,NA,296
"2009-08-03",NA,NA,296
"2009-08-04",NA,NA,296
"2009-08-05",NA,NA,296
"2009-08-06",NA,NA,296
"2009-08-07",NA,NA,296
"2009-08-08",NA,NA,296
"2009-08-09",NA,NA,296
"2009-08-10",NA,NA,296
"2009-08-11",NA,NA,296
"2009-08-12",2.64961,NA,296
"2009-08-13",1.52025,NA,296
"2009-08-14",NA,NA,296
"2009-08-15",NA,NA,296
"2009-08-16",NA,NA,296
"2009-08-17",NA,NA,296
"2009-08-18",NA,NA,296
"2009-08-19",NA,NA,296
"2009-08-20",2.2375,NA,296
"2009-08-21",NA,NA,296
"2009-08-22",NA,NA,296
"2009-08-23",2.31175,NA,296
"2009-08-24",NA,NA,296
"2009-08-25",NA,NA,296
"2009-08-26",NA,NA,296
"2009-08-27",NA,NA,296
"2009-08-28",NA,NA,296
"2009-08-29",1.3943,NA,296
"2009-08-30",NA,NA,296
"2009-08-31",NA,NA,296
"2009-09-01",NA,NA,296
"2009-09-02",NA,NA,296
"2009-09-03",NA,NA,296
"2009-09-04",4.8583,NA,296
"2009-09-05",NA,NA,296
"2009-09-06",NA,NA,296
"2009-09-07",NA,NA,296
"2009-09-08",NA,NA,296
"2009-09-09",NA,NA,296
"2009-09-10",1.07028,NA,296
"2009-09-11",NA,NA,296
"2009-09-12",NA,NA,296
"2009-09-13",NA,NA,296
"2009-09-14",NA,NA,296
"2009-09-15",NA,NA,296
"2009-09-16",2.62161,NA,296
"2009-09-17",NA,NA,296
"2009-09-18",NA,NA,296
"2009-09-19",NA,NA,296
"2009-09-20",NA,NA,296
"2009-09-21",NA,NA,296
"2009-09-22",1.4128,NA,296
"2009-09-23",NA,NA,296
"2009-09-24",NA,NA,296
"2009-09-25",NA,NA,296
"2009-09-26",NA,NA,296
"2009-09-27",NA,NA,296
"2009-09-28",2.44381,NA,296
"2009-09-29",NA,NA,296
"2009-09-30",NA,NA,296
"2009-10-01",NA,NA,296
"2009-10-02",NA,NA,296
"2009-10-03",NA,NA,296
"2009-10-04",9.45002,NA,296
"2009-10-05",NA,NA,296
"2009-10-06",NA,NA,296
"2009-10-07",NA,NA,296
"2009-10-08",NA,NA,296
"2009-10-09",NA,NA,296
"2009-10-10",2.87001,NA,296
"2009-10-11",NA,NA,296
"2009-10-12",NA,NA,296
"2009-10-13",NA,NA,296
"2009-10-14",NA,NA,296
"2009-10-15",NA,NA,296
"2009-10-16",2.81395,NA,296
"2009-10-17",NA,NA,296
"2009-10-18",NA,NA,296
"2009-10-19",NA,NA,296
"2009-10-20",NA,NA,296
"2009-10-21",NA,NA,296
"2009-10-22",0.90758,NA,296
"2009-10-23",NA,NA,296
"2009-10-24",NA,NA,296
"2009-10-25",NA,NA,296
"2009-10-26",NA,NA,296
"2009-10-27",NA,NA,296
"2009-10-28",2.03114,NA,296
"2009-10-29",NA,NA,296
"2009-10-30",NA,NA,296
"2009-10-31",NA,NA,296
"2009-11-01",NA,NA,296
"2009-11-02",NA,NA,296
"2009-11-03",2.04467,NA,296
"2009-11-04",NA,NA,296
"2009-11-05",NA,NA,296
"2009-11-06",NA,NA,296
"2009-11-07",NA,NA,296
"2009-11-08",NA,NA,296
"2009-11-09",3.26166,NA,296
"2009-11-10",NA,NA,296
"2009-11-11",NA,NA,296
"2009-11-12",NA,NA,296
"2009-11-13",NA,NA,296
"2009-11-14",NA,NA,296
"2009-11-15",5.97501,NA,296
"2009-11-16",NA,NA,296
"2009-11-17",NA,NA,296
"2009-11-18",NA,NA,296
"2009-11-19",NA,NA,296
"2009-11-20",NA,NA,296
"2009-11-21",1.66043,NA,296
"2009-11-22",NA,NA,296
"2009-11-23",NA,NA,296
"2009-11-24",NA,NA,296
"2009-11-25",NA,NA,296
"2009-11-26",NA,NA,296
"2009-11-27",0.75513,NA,296
"2009-11-28",NA,NA,296
"2009-11-29",NA,NA,296
"2009-11-30",NA,NA,296
"2009-12-01",NA,NA,296
"2009-12-02",NA,NA,296
"2009-12-03",NA,NA,296
"2009-12-04",0.94344,NA,296
"2009-12-05",NA,NA,296
"2009-12-06",NA,NA,296
"2009-12-07",NA,NA,296
"2009-12-08",NA,NA,296
"2009-12-09",1.8775,NA,296
"2009-12-10",NA,NA,296
"2009-12-11",NA,NA,296
"2009-12-12",NA,NA,296
"2009-12-13",NA,NA,296
"2009-12-14",NA,NA,296
"2009-12-15",NA,NA,296
"2009-12-16",NA,NA,296
"2009-12-17",NA,NA,296
"2009-12-18",NA,NA,296
"2009-12-19",1.16692,NA,296
"2009-12-20",0.63873,NA,296
"2009-12-21",NA,NA,296
"2009-12-22",NA,NA,296
"2009-12-23",NA,NA,296
"2009-12-24",NA,NA,296
"2009-12-25",NA,NA,296
"2009-12-26",NA,NA,296
"2009-12-27",1.29313,NA,296
"2009-12-28",NA,NA,296
"2009-12-29",NA,NA,296
"2009-12-30",NA,NA,296
"2009-12-31",NA,NA,296
"2010-01-01",NA,NA,296
"2010-01-02",NA,NA,296
"2010-01-03",NA,NA,296
"2010-01-04",NA,NA,296
"2010-01-05",NA,NA,296
"2010-01-06",NA,NA,296
"2010-01-07",NA,NA,296
"2010-01-08",1.37687,NA,296
"2010-01-09",NA,NA,296
"2010-01-10",NA,NA,296
"2010-01-11",NA,NA,296
"2010-01-12",NA,NA,296
"2010-01-13",NA,NA,296
"2010-01-14",2.02139,NA,296
"2010-01-15",NA,NA,296
"2010-01-16",NA,NA,296
"2010-01-17",NA,NA,296
"2010-01-18",NA,NA,296
"2010-01-19",NA,NA,296
"2010-01-20",7.25354,NA,296
"2010-01-21",NA,NA,296
"2010-01-22",NA,NA,296
"2010-01-23",NA,NA,296
"2010-01-24",NA,NA,296
"2010-01-25",NA,NA,296
"2010-01-26",NA,NA,296
"2010-01-27",NA,NA,296
"2010-01-28",NA,NA,296
"2010-01-29",NA,NA,296
"2010-01-30",NA,NA,296
"2010-01-31",NA,NA,296
"2010-02-01",6.30639,NA,296
"2010-02-02",NA,NA,296
"2010-02-03",NA,NA,296
"2010-02-04",NA,NA,296
"2010-02-05",NA,NA,296
"2010-02-06",NA,NA,296
"2010-02-07",2.81376,NA,296
"2010-02-08",NA,NA,296
"2010-02-09",NA,NA,296
"2010-02-10",NA,NA,296
"2010-02-11",NA,NA,296
"2010-02-12",NA,NA,296
"2010-02-13",NA,NA,296
"2010-02-14",NA,NA,296
"2010-02-15",1.33717,NA,296
"2010-02-16",NA,NA,296
"2010-02-17",NA,NA,296
"2010-02-18",NA,NA,296
"2010-02-19",1.58512,NA,296
"2010-02-20",NA,NA,296
"2010-02-21",NA,NA,296
"2010-02-22",NA,NA,296
"2010-02-23",NA,NA,296
"2010-02-24",NA,NA,296
"2010-02-25",1.87177,NA,296
"2010-02-26",NA,NA,296
"2010-02-27",NA,NA,296
"2010-02-28",NA,NA,296
"2010-03-01",NA,NA,296
"2010-03-02",NA,NA,296
"2010-03-03",1.11243,NA,296
"2010-03-04",NA,NA,296
"2010-03-05",NA,NA,296
"2010-03-06",NA,NA,296
"2010-03-07",NA,NA,296
"2010-03-08",NA,NA,296
"2010-03-09",NA,NA,296
"2010-03-10",NA,NA,296
"2010-03-11",NA,NA,296
"2010-03-12",NA,NA,296
"2010-03-13",NA,NA,296
"2010-03-14",NA,NA,296
"2010-03-15",NA,NA,296
"2010-03-16",NA,NA,296
"2010-03-17",NA,NA,296
"2010-03-18",NA,NA,296
"2010-03-19",NA,NA,296
"2010-03-20",NA,NA,296
"2010-03-21",NA,NA,296
"2010-03-22",NA,NA,296
"2010-03-23",NA,NA,296
"2010-03-24",1.70662,NA,296
"2010-03-25",NA,NA,296
"2010-03-26",NA,NA,296
"2010-03-27",2.16283,NA,296
"2010-03-28",NA,NA,296
"2010-03-29",NA,NA,296
"2010-03-30",NA,NA,296
"2010-03-31",NA,NA,296
"2010-04-01",NA,NA,296
"2010-04-02",NA,NA,296
"2010-04-03",NA,NA,296
"2010-04-04",NA,NA,296
"2010-04-05",NA,NA,296
"2010-04-06",NA,NA,296
"2010-04-07",NA,NA,296
"2010-04-08",NA,NA,296
"2010-04-09",NA,NA,296
"2010-04-10",NA,NA,296
"2010-04-11",NA,NA,296
"2010-04-12",NA,NA,296
"2010-04-13",NA,NA,296
"2010-04-14",NA,NA,296
"2010-04-15",NA,NA,296
"2010-04-16",NA,NA,296
"2010-04-17",NA,NA,296
"2010-04-18",NA,NA,296
"2010-04-19",NA,NA,296
"2010-04-20",NA,NA,296
"2010-04-21",NA,NA,296
"2010-04-22",NA,NA,296
"2010-04-23",NA,NA,296
"2010-04-24",NA,NA,296
"2010-04-25",NA,NA,296
"2010-04-26",NA,NA,296
"2010-04-27",NA,NA,296
"2010-04-28",NA,NA,296
"2010-04-29",NA,NA,296
"2010-04-30",NA,NA,296
"2010-05-01",NA,NA,296
"2010-05-02",NA,NA,296
"2010-05-03",NA,NA,296
"2010-05-04",NA,NA,296
"2010-05-05",NA,NA,296
"2010-05-06",NA,NA,296
"2010-05-07",NA,NA,296
"2010-05-08",NA,NA,296
"2010-05-09",NA,NA,296
"2010-05-10",NA,NA,296
"2010-05-11",NA,NA,296
"2010-05-12",NA,NA,296
"2010-05-13",NA,NA,296
"2010-05-14",NA,NA,296
"2010-05-15",NA,NA,296
"2010-05-16",NA,NA,296
"2010-05-17",NA,NA,296
"2010-05-18",NA,NA,296
"2010-05-19",NA,NA,296
"2010-05-20",NA,NA,296
"2010-05-21",NA,NA,296
"2010-05-22",NA,NA,296
"2010-05-23",NA,NA,296
"2010-05-24",NA,NA,296
"2010-05-25",NA,NA,296
"2010-05-26",NA,NA,296
"2010-05-27",NA,NA,296
"2010-05-28",NA,NA,296
"2010-05-29",NA,NA,296
"2010-05-30",NA,NA,296
"2010-05-31",NA,NA,296
"2010-06-01",NA,NA,296
"2010-06-02",NA,NA,296
"2010-06-03",NA,NA,296
"2010-06-04",NA,NA,296
"2010-06-05",NA,NA,296
"2010-06-06",NA,NA,296
"2010-06-07",NA,NA,296
"2010-06-08",NA,NA,296
"2010-06-09",NA,NA,296
"2010-06-10",NA,NA,296
"2010-06-11",NA,NA,296
"2010-06-12",NA,NA,296
"2010-06-13",NA,NA,296
"2010-06-14",NA,NA,296
"2010-06-15",NA,NA,296
"2010-06-16",NA,NA,296
"2010-06-17",NA,NA,296
"2010-06-18",NA,NA,296
"2010-06-19",NA,NA,296
"2010-06-20",NA,NA,296
"2010-06-21",NA,NA,296
"2010-06-22",NA,NA,296
"2010-06-23",NA,NA,296
"2010-06-24",NA,NA,296
"2010-06-25",NA,NA,296
"2010-06-26",NA,NA,296
"2010-06-27",NA,NA,296
"2010-06-28",NA,NA,296
"2010-06-29",NA,NA,296
"2010-06-30",NA,NA,296
"2010-07-01",NA,NA,296
"2010-07-02",NA,NA,296
"2010-07-03",NA,NA,296
"2010-07-04",NA,NA,296
"2010-07-05",NA,NA,296
"2010-07-06",NA,NA,296
"2010-07-07",NA,NA,296
"2010-07-08",NA,NA,296
"2010-07-09",NA,NA,296
"2010-07-10",NA,NA,296
"2010-07-11",NA,NA,296
"2010-07-12",NA,NA,296
"2010-07-13",NA,NA,296
"2010-07-14",NA,NA,296
"2010-07-15",NA,NA,296
"2010-07-16",NA,NA,296
"2010-07-17",NA,NA,296
"2010-07-18",NA,NA,296
"2010-07-19",NA,NA,296
"2010-07-20",NA,NA,296
"2010-07-21",NA,NA,296
"2010-07-22",NA,NA,296
"2010-07-23",NA,NA,296
"2010-07-24",NA,NA,296
"2010-07-25",NA,NA,296
"2010-07-26",NA,NA,296
"2010-07-27",NA,NA,296
"2010-07-28",NA,NA,296
"2010-07-29",NA,NA,296
"2010-07-30",NA,NA,296
"2010-07-31",NA,NA,296
"2010-08-01",NA,NA,296
"2010-08-02",NA,NA,296
"2010-08-03",NA,NA,296
"2010-08-04",NA,NA,296
"2010-08-05",NA,NA,296
"2010-08-06",NA,NA,296
"2010-08-07",NA,NA,296
"2010-08-08",NA,NA,296
"2010-08-09",NA,NA,296
"2010-08-10",NA,NA,296
"2010-08-11",NA,NA,296
"2010-08-12",NA,NA,296
"2010-08-13",NA,NA,296
"2010-08-14",NA,NA,296
"2010-08-15",NA,NA,296
"2010-08-16",NA,NA,296
"2010-08-17",NA,NA,296
"2010-08-18",NA,NA,296
"2010-08-19",NA,NA,296
"2010-08-20",NA,NA,296
"2010-08-21",NA,NA,296
"2010-08-22",NA,NA,296
"2010-08-23",NA,NA,296
"2010-08-24",NA,NA,296
"2010-08-25",NA,NA,296
"2010-08-26",NA,NA,296
"2010-08-27",NA,NA,296
"2010-08-28",NA,NA,296
"2010-08-29",NA,NA,296
"2010-08-30",NA,NA,296
"2010-08-31",NA,NA,296
"2010-09-01",NA,NA,296
"2010-09-02",NA,NA,296
"2010-09-03",NA,NA,296
"2010-09-04",NA,NA,296
"2010-09-05",NA,NA,296
"2010-09-06",NA,NA,296
"2010-09-07",NA,NA,296
"2010-09-08",NA,NA,296
"2010-09-09",NA,NA,296
"2010-09-10",NA,NA,296
"2010-09-11",NA,NA,296
"2010-09-12",NA,NA,296
"2010-09-13",NA,NA,296
"2010-09-14",NA,NA,296
"2010-09-15",NA,NA,296
"2010-09-16",NA,NA,296
"2010-09-17",NA,NA,296
"2010-09-18",NA,NA,296
"2010-09-19",NA,NA,296
"2010-09-20",NA,NA,296
"2010-09-21",NA,NA,296
"2010-09-22",NA,NA,296
"2010-09-23",NA,NA,296
"2010-09-24",NA,NA,296
"2010-09-25",NA,NA,296
"2010-09-26",NA,NA,296
"2010-09-27",NA,NA,296
"2010-09-28",NA,NA,296
"2010-09-29",NA,NA,296
"2010-09-30",NA,NA,296
"2010-10-01",NA,NA,296
"2010-10-02",NA,NA,296
"2010-10-03",NA,NA,296
"2010-10-04",NA,NA,296
"2010-10-05",NA,NA,296
"2010-10-06",NA,NA,296
"2010-10-07",NA,NA,296
"2010-10-08",NA,NA,296
"2010-10-09",NA,NA,296
"2010-10-10",NA,NA,296
"2010-10-11",NA,NA,296
"2010-10-12",NA,NA,296
"2010-10-13",NA,NA,296
"2010-10-14",NA,NA,296
"2010-10-15",NA,NA,296
"2010-10-16",NA,NA,296
"2010-10-17",NA,NA,296
"2010-10-18",NA,NA,296
"2010-10-19",NA,NA,296
"2010-10-20",NA,NA,296
"2010-10-21",NA,NA,296
"2010-10-22",NA,NA,296
"2010-10-23",NA,NA,296
"2010-10-24",NA,NA,296
"2010-10-25",NA,NA,296
"2010-10-26",NA,NA,296
"2010-10-27",NA,NA,296
"2010-10-28",NA,NA,296
"2010-10-29",NA,NA,296
"2010-10-30",NA,NA,296
"2010-10-31",NA,NA,296
"2010-11-01",NA,NA,296
"2010-11-02",NA,NA,296
"2010-11-03",NA,NA,296
"2010-11-04",NA,NA,296
"2010-11-05",NA,NA,296
"2010-11-06",NA,NA,296
"2010-11-07",NA,NA,296
"2010-11-08",NA,NA,296
"2010-11-09",NA,NA,296
"2010-11-10",NA,NA,296
"2010-11-11",NA,NA,296
"2010-11-12",NA,NA,296
"2010-11-13",NA,NA,296
"2010-11-14",NA,NA,296
"2010-11-15",NA,NA,296
"2010-11-16",NA,NA,296
"2010-11-17",NA,NA,296
"2010-11-18",NA,NA,296
"2010-11-19",NA,NA,296
"2010-11-20",NA,NA,296
"2010-11-21",NA,NA,296
"2010-11-22",NA,NA,296
"2010-11-23",NA,NA,296
"2010-11-24",NA,NA,296
"2010-11-25",NA,NA,296
"2010-11-26",NA,NA,296
"2010-11-27",NA,NA,296
"2010-11-28",NA,NA,296
"2010-11-29",NA,NA,296
"2010-11-30",NA,NA,296
"2010-12-01",NA,NA,296
"2010-12-02",NA,NA,296
"2010-12-03",NA,NA,296
"2010-12-04",NA,NA,296
"2010-12-05",NA,NA,296
"2010-12-06",NA,NA,296
"2010-12-07",NA,NA,296
"2010-12-08",NA,NA,296
"2010-12-09",NA,NA,296
"2010-12-10",NA,NA,296
"2010-12-11",NA,NA,296
"2010-12-12",NA,NA,296
"2010-12-13",NA,NA,296
"2010-12-14",NA,NA,296
"2010-12-15",NA,NA,296
"2010-12-16",NA,NA,296
"2010-12-17",NA,NA,296
"2010-12-18",NA,NA,296
"2010-12-19",NA,NA,296
"2010-12-20",NA,NA,296
"2010-12-21",NA,NA,296
"2010-12-22",NA,NA,296
"2010-12-23",NA,NA,296
"2010-12-24",NA,NA,296
"2010-12-25",NA,NA,296
"2010-12-26",NA,NA,296
"2010-12-27",NA,NA,296
"2010-12-28",NA,NA,296
"2010-12-29",NA,NA,296
"2010-12-30",NA,NA,296
"2010-12-31",NA,NA,296
